timestamp,server_id,country,status,filename,error
2026-09-22T17:29:53.683354,121610,Ireland,SUCCESS,server_121610.ovpn,
2026-09-22T17:29:54.780339,651105,Hong Kong,SUCCESS,server_651105.ovpn,
2026-09-22T17:29:54.976224,2188816,Czech Republic,SUCCESS,server_2188816.ovpn,
2026-09-22T17:29:55.156026,847840,Peru,SUCCESS,server_847840.ovpn,
2026-09-22T17:29:55.328505,355458,UK,SUCCESS,server_355458.ovpn,
2026-09-22T17:29:55.424207,1440983,USA,SUCCESS,server_1440983.ovpn,
2026-09-22T17:29:58.498260,1878062,Hungary,SUCCESS,server_1878062.ovpn,
2026-09-22T17:29:58.995601,494691,Russia,SUCCESS,server_494691.ovpn,
2026-09-22T17:29:59.281308,1943468,Croatia (Hrvatska),SUCCESS,server_1943468.ovpn,
2026-09-22T17:30:00.420477,2401092,Russia,SUCCESS,server_2401092.ovpn,
2026-09-22T17:30:00.483395,160590,Finland,SUCCESS,server_160590.ovpn,
2026-09-22T17:30:00.532832,873506,Germany,SUCCESS,server_873506.ovpn,
2026-09-22T17:30:04.871214,497056,Hungary,SUCCESS,server_497056.ovpn,
2026-09-22T17:30:06.249272,3220544,Spain,SUCCESS,server_3220544.ovpn,
2026-09-22T17:30:06.308089,1127585,UK,SUCCESS,server_1127585.ovpn,
2026-09-22T17:30:06.372947,1238238,Russia,SUCCESS,server_1238238.ovpn,
2026-09-22T17:30:07.799232,154021,Japan,SUCCESS,server_154021.ovpn,
2026-09-22T17:30:08.846004,151341,Netherlands,SUCCESS,server_151341.ovpn,
2026-09-22T17:30:09.390952,1529595,Croatia (Hrvatska),SUCCESS,server_1529595.ovpn,
2026-09-22T17:30:11.120357,880490,USA,SUCCESS,server_880490.ovpn,
2026-09-22T17:30:11.381424,1383454,Canada,SUCCESS,server_1383454.ovpn,
2026-09-22T17:30:12.754275,3483554,Japan,SUCCESS,server_3483554.ovpn,
2026-09-22T17:30:13.631310,48322,Japan,SUCCESS,server_48322.ovpn,
2026-09-22T17:30:13.890157,148516,France,SUCCESS,server_148516.ovpn,
2026-09-22T17:30:14.266277,640126,France,SUCCESS,server_640126.ovpn,
2026-09-22T17:30:16.007813,2053590,Spain,SUCCESS,server_2053590.ovpn,
2026-09-22T17:30:17.513256,951299,European Union,SUCCESS,server_951299.ovpn,
2026-09-22T17:30:17.552483,108855,Australia,SUCCESS,server_108855.ovpn,
2026-09-22T17:30:18.522048,1999912,Ecuador,SUCCESS,server_1999912.ovpn,
2026-09-22T17:30:19.627947,2381714,Indonesia,SUCCESS,server_2381714.ovpn,
2026-09-22T17:30:20.203599,914701,Canada,SUCCESS,server_914701.ovpn,
2026-09-22T17:30:22.435155,1659290,Netherlands,SUCCESS,server_1659290.ovpn,
2026-09-22T17:30:24.067973,2028530,UK,SUCCESS,server_2028530.ovpn,
2026-09-22T17:30:24.318810,149906,Canada,SUCCESS,server_149906.ovpn,
2026-09-22T17:30:24.518410,3562381,Ukraine,SUCCESS,server_3562381.ovpn,
2026-09-22T17:30:25.141102,41458,Ukraine,SUCCESS,server_41458.ovpn,
2026-09-22T17:30:25.398148,2625013,Spain,SUCCESS,server_2625013.ovpn,
2026-09-22T17:30:27.063808,1174021,Ukraine,SUCCESS,server_1174021.ovpn,
2026-09-22T17:30:30.950873,896587,Australia,SUCCESS,server_896587.ovpn,
2026-09-22T17:30:31.784983,1859308,Netherlands,SUCCESS,server_1859308.ovpn,
2026-09-22T17:30:32.696139,55099,New Zealand,SUCCESS,server_55099.ovpn,
2026-09-22T17:30:32.844913,920093,Bulgaria,SUCCESS,server_920093.ovpn,
2026-09-22T17:30:32.867745,869080,France,SUCCESS,server_869080.ovpn,
2026-09-22T17:30:33.638026,1986997,Finland,SUCCESS,server_1986997.ovpn,
2026-09-22T17:30:36.464037,919081,Croatia (Hrvatska),SUCCESS,server_919081.ovpn,
2026-09-22T17:30:36.867882,1904669,Croatia (Hrvatska),SUCCESS,server_1904669.ovpn,
2026-09-22T17:30:38.923201,1799249,UK,SUCCESS,server_1799249.ovpn,
2026-09-22T17:30:39.454068,1065656,Russia,SUCCESS,server_1065656.ovpn,
2026-09-22T17:30:39.484102,327859,France,SUCCESS,server_327859.ovpn,
2026-09-22T17:30:39.760983,2412076,Vietnam,SUCCESS,server_2412076.ovpn,
2026-09-22T17:30:41.414935,1568491,South Korea,SUCCESS,server_1568491.ovpn,
2026-09-22T17:30:42.718326,1334378,France,SUCCESS,server_1334378.ovpn,
2026-09-22T17:30:44.761829,2063224,UK,SUCCESS,server_2063224.ovpn,
2026-09-22T17:30:45.084620,661438,Croatia (Hrvatska),SUCCESS,server_661438.ovpn,
2026-09-22T17:30:46.567166,1062282,Russia,SUCCESS,server_1062282.ovpn,
2026-09-22T17:30:46.919715,1172198,Japan,SUCCESS,server_1172198.ovpn,
2026-09-22T17:30:47.520234,365838,Australia,SUCCESS,server_365838.ovpn,
2026-09-22T17:30:50.507992,161688,Finland,SUCCESS,server_161688.ovpn,
2026-09-22T17:30:50.701097,50186,Japan,SUCCESS,server_50186.ovpn,
2026-09-22T17:30:51.919334,649974,Croatia (Hrvatska),SUCCESS,server_649974.ovpn,
2026-09-22T17:30:52.585169,2039234,Mexico,SUCCESS,server_2039234.ovpn,
2026-09-22T17:30:54.772643,1967690,France,SUCCESS,server_1967690.ovpn,
2026-09-22T17:30:54.991093,2191243,Russia,SUCCESS,server_2191243.ovpn,
2026-09-22T17:30:55.118090,831176,Thailand,SUCCESS,server_831176.ovpn,
2026-09-22T17:30:55.470242,132880,Ukraine,SUCCESS,server_132880.ovpn,
2026-09-22T17:30:57.578056,3698055,Mexico,SUCCESS,server_3698055.ovpn,
2026-09-22T17:31:00.087643,65460,South Korea,SUCCESS,server_65460.ovpn,
2026-09-22T17:31:02.550990,956884,Croatia (Hrvatska),SUCCESS,server_956884.ovpn,
2026-09-22T17:31:02.760827,1808634,South Korea,SUCCESS,server_1808634.ovpn,
2026-09-22T17:31:03.170846,1821317,Colombia,SUCCESS,server_1821317.ovpn,
2026-09-22T17:31:03.307882,127702,Spain,SUCCESS,server_127702.ovpn,
2026-09-22T17:31:03.525800,2788841,Georgia,SUCCESS,server_2788841.ovpn,
2026-09-22T17:31:06.574228,52354,Japan,SUCCESS,server_52354.ovpn,
2026-09-22T17:31:07.445992,904256,Canada,SUCCESS,server_904256.ovpn,
2026-09-22T17:31:08.223872,1549067,Canada,SUCCESS,server_1549067.ovpn,
2026-09-22T17:31:08.237886,148518,Canada,SUCCESS,server_148518.ovpn,
2026-09-22T17:31:08.571513,1474255,New Zealand,SUCCESS,server_1474255.ovpn,
2026-09-22T17:31:09.113936,1207450,Bosnia and Herzegowina,SUCCESS,server_1207450.ovpn,
2026-09-22T17:45:14.104397,128981,Japan,SUCCESS,server_128981.ovpn,
2026-09-22T17:45:14.543602,66474,Japan,SUCCESS,server_66474.ovpn,
2026-09-22T17:45:14.765908,940066,South Korea,SUCCESS,server_940066.ovpn,
2026-09-22T17:45:15.015363,1175071,South Korea,SUCCESS,server_1175071.ovpn,
2026-09-22T17:45:15.049364,878752,Japan,SUCCESS,server_878752.ovpn,
2026-09-22T17:45:16.327485,370700,Japan,SUCCESS,server_370700.ovpn,
2026-09-22T17:45:20.663448,3650323,South Korea,SUCCESS,server_3650323.ovpn,
2026-09-22T17:45:20.803225,1865414,Japan,SUCCESS,server_1865414.ovpn,
2026-09-22T17:45:21.452317,944068,USA,SUCCESS,server_944068.ovpn,
2026-09-22T17:45:21.682274,1127585,UK,SUCCESS,server_1127585.ovpn,
2026-09-22T17:45:21.919076,43288,Japan,SUCCESS,server_43288.ovpn,
2026-09-22T17:45:22.650000,2126948,Japan,SUCCESS,server_2126948.ovpn,
2026-09-22T17:45:25.467024,3558713,Japan,SUCCESS,server_3558713.ovpn,
2026-09-22T17:45:26.183281,3220544,Spain,SUCCESS,server_3220544.ovpn,
2026-09-22T17:45:26.291146,630443,Japan,SUCCESS,server_630443.ovpn,
2026-09-22T17:45:28.266248,110194,South Korea,SUCCESS,server_110194.ovpn,
2026-09-22T17:45:28.547889,1479803,South Korea,SUCCESS,server_1479803.ovpn,
2026-09-22T17:45:29.091185,343071,Japan,SUCCESS,server_343071.ovpn,
2026-09-22T17:45:30.062154,986540,South Korea,SUCCESS,server_986540.ovpn,
2026-09-22T17:45:31.889898,46780,Japan,SUCCESS,server_46780.ovpn,
2026-09-22T17:45:32.417246,1881905,Japan,SUCCESS,server_1881905.ovpn,
2026-09-22T17:45:32.762875,2268521,South Korea,SUCCESS,server_2268521.ovpn,
2026-09-22T17:45:34.002190,852498,South Korea,SUCCESS,server_852498.ovpn,
2026-09-22T17:45:34.645960,2534057,South Korea,SUCCESS,server_2534057.ovpn,
2026-09-22T17:45:35.094884,951299,European Union,SUCCESS,server_951299.ovpn,
2026-09-22T17:45:38.256487,47044,Japan,SUCCESS,server_47044.ovpn,
2026-09-22T17:45:38.294093,42707,Japan,SUCCESS,server_42707.ovpn,
2026-09-22T17:45:38.643211,138263,Japan,SUCCESS,server_138263.ovpn,
2026-09-22T17:45:39.561083,737472,USA,SUCCESS,server_737472.ovpn,
2026-09-22T17:45:40.427116,959182,South Korea,SUCCESS,server_959182.ovpn,
2026-09-22T17:45:41.135155,48391,South Korea,SUCCESS,server_48391.ovpn,
2026-09-22T17:45:44.192458,95366,South Korea,FAILED,,Failed to load download page (Status: No response)
2026-09-22T17:45:45.900002,48075,South Korea,SUCCESS,server_48075.ovpn,
2026-09-22T17:45:47.119068,1918018,South Korea,SUCCESS,server_1918018.ovpn,
2026-09-22T17:45:47.696183,2204578,Japan,SUCCESS,server_2204578.ovpn,
2026-09-22T17:45:48.175123,952615,South Korea,SUCCESS,server_952615.ovpn,
2026-09-22T17:45:48.938875,962667,South Korea,SUCCESS,server_962667.ovpn,
2026-09-22T17:45:51.422044,1376107,South Korea,SUCCESS,server_1376107.ovpn,
2026-09-22T17:45:53.561048,917187,South Korea,SUCCESS,server_917187.ovpn,
2026-09-22T17:45:55.025325,943840,South Korea,SUCCESS,server_943840.ovpn,
2026-09-22T17:45:55.048432,152226,Japan,SUCCESS,server_152226.ovpn,
2026-09-22T17:45:55.201687,45506,Japan,SUCCESS,server_45506.ovpn,
2026-09-22T17:45:55.777126,72569,South Korea,SUCCESS,server_72569.ovpn,
2026-09-22T17:45:56.020041,43976,Japan,SUCCESS,server_43976.ovpn,
2026-09-22T17:45:59.231955,1781425,South Korea,SUCCESS,server_1781425.ovpn,
2026-09-22T17:46:00.591638,101481,USA,SUCCESS,server_101481.ovpn,
2026-09-22T17:46:00.720548,1214476,Japan,SUCCESS,server_1214476.ovpn,
2026-09-22T17:46:00.993082,2058347,Japan,SUCCESS,server_2058347.ovpn,
2026-09-22T17:46:01.245869,42660,Japan,SUCCESS,server_42660.ovpn,
2026-09-22T17:46:02.306115,47871,South Korea,SUCCESS,server_47871.ovpn,
2026-09-22T17:46:04.289927,101299,Japan,SUCCESS,server_101299.ovpn,
2026-09-22T17:46:06.293870,863347,Japan,SUCCESS,server_863347.ovpn,
2026-09-22T17:46:06.977757,48840,Japan,SUCCESS,server_48840.ovpn,
2026-09-22T17:46:07.423862,113035,South Korea,SUCCESS,server_113035.ovpn,
2026-09-22T17:46:09.226867,1986252,Japan,SUCCESS,server_1986252.ovpn,
2026-09-22T17:46:09.456254,910355,USA,SUCCESS,server_910355.ovpn,
2026-09-22T17:46:10.763800,45159,South Korea,SUCCESS,server_45159.ovpn,
2026-09-22T17:46:12.131309,1383499,Japan,SUCCESS,server_1383499.ovpn,
2026-09-22T17:46:14.312846,311035,Japan,SUCCESS,server_311035.ovpn,
2026-09-22T17:46:14.450881,916837,Japan,SUCCESS,server_916837.ovpn,
2026-09-22T17:46:15.859865,160973,Japan,SUCCESS,server_160973.ovpn,
2026-09-22T17:46:16.627064,53461,Japan,SUCCESS,server_53461.ovpn,
2026-09-22T17:46:17.270538,663991,South Korea,SUCCESS,server_663991.ovpn,
2026-09-22T17:46:18.230638,965954,Japan,SUCCESS,server_965954.ovpn,
2026-09-22T17:46:19.274610,65555,South Korea,SUCCESS,server_65555.ovpn,
2026-09-22T17:46:20.459399,682287,Japan,SUCCESS,server_682287.ovpn,
2026-09-22T17:46:22.745505,1292703,Japan,SUCCESS,server_1292703.ovpn,
2026-09-22T17:46:23.360716,2191216,Japan,SUCCESS,server_2191216.ovpn,
2026-09-22T17:46:23.520716,2002012,Japan,SUCCESS,server_2002012.ovpn,
2026-09-22T17:46:24.670659,710028,South Korea,SUCCESS,server_710028.ovpn,
2026-09-22T17:46:25.081507,47335,South Korea,SUCCESS,server_47335.ovpn,
2026-09-22T17:46:25.295811,182481,Japan,SUCCESS,server_182481.ovpn,
2026-09-22T17:46:31.622850,220707,South Korea,SUCCESS,server_220707.ovpn,
2026-09-22T17:46:31.732590,2815370,Japan,SUCCESS,server_2815370.ovpn,
2026-09-22T17:46:32.172646,2227727,Japan,SUCCESS,server_2227727.ovpn,
2026-09-22T17:46:32.400536,112243,South Korea,SUCCESS,server_112243.ovpn,
2026-09-22T17:46:32.761742,1760893,Japan,SUCCESS,server_1760893.ovpn,
2026-09-22T17:46:33.277712,48666,Japan,SUCCESS,server_48666.ovpn,
2026-09-22T17:46:38.320843,2392571,Croatia (Hrvatska),SUCCESS,server_2392571.ovpn,
2026-09-22T17:46:38.719735,802725,Japan,SUCCESS,server_802725.ovpn,
2026-09-22T17:46:39.351635,914691,Japan,SUCCESS,server_914691.ovpn,
2026-09-22T17:46:39.454693,72563,South Korea,SUCCESS,server_72563.ovpn,
2026-09-22T17:46:41.501419,47681,Japan,SUCCESS,server_47681.ovpn,
2026-09-22T17:46:41.968663,1075423,South Korea,SUCCESS,server_1075423.ovpn,
2026-09-22T17:46:44.843567,54575,South Korea,SUCCESS,server_54575.ovpn,
2026-09-22T17:46:45.466383,2044199,South Korea,SUCCESS,server_2044199.ovpn,
2026-09-22T17:46:46.457261,59361,South Korea,SUCCESS,server_59361.ovpn,
2026-09-22T17:46:48.332758,830830,Japan,SUCCESS,server_830830.ovpn,
2026-09-22T17:46:48.705342,778387,South Korea,SUCCESS,server_778387.ovpn,
2026-09-22T17:46:49.702560,856393,South Korea,SUCCESS,server_856393.ovpn,
2026-09-22T17:46:52.951548,88820,Japan,SUCCESS,server_88820.ovpn,
2026-09-22T17:46:53.325618,985955,South Korea,SUCCESS,server_985955.ovpn,
2026-09-22T17:46:53.413538,2391634,South Korea,SUCCESS,server_2391634.ovpn,
2026-09-22T17:46:54.212782,325080,South Korea,SUCCESS,server_325080.ovpn,
2026-09-22T17:46:54.890655,127841,Japan,SUCCESS,server_127841.ovpn,
2026-09-22T17:46:55.976266,257321,Japan,SUCCESS,server_257321.ovpn,
2026-09-22T17:46:59.615680,123183,Japan,SUCCESS,server_123183.ovpn,
2026-09-22T17:46:59.653189,944940,Japan,SUCCESS,server_944940.ovpn,
2026-09-22T17:46:59.821171,41616,South Korea,SUCCESS,server_41616.ovpn,
2026-09-22T17:46:59.845913,2440351,South Korea,SUCCESS,server_2440351.ovpn,
2026-09-22T17:47:02.204444,153449,South Korea,SUCCESS,server_153449.ovpn,
2026-09-22T17:47:02.228165,86138,Japan,SUCCESS,server_86138.ovpn,
2026-09-22T17:47:08.142256,1549936,Japan,SUCCESS,server_1549936.ovpn,
2026-09-22T17:47:09.593295,951208,South Korea,SUCCESS,server_951208.ovpn,
2026-09-22T17:47:11.482486,1624328,South Korea,SUCCESS,server_1624328.ovpn,
2026-09-22T17:47:11.853115,347900,Japan,SUCCESS,server_347900.ovpn,
2026-09-22T17:47:12.445828,2338187,Japan,SUCCESS,server_2338187.ovpn,
2026-09-22T17:47:13.460419,1479768,South Korea,SUCCESS,server_1479768.ovpn,
2026-09-22T17:47:14.994479,99554,Japan,SUCCESS,server_99554.ovpn,
2026-09-22T17:47:17.960648,1577201,USA,SUCCESS,server_1577201.ovpn,
2026-09-22T17:47:18.288642,57001,Japan,SUCCESS,server_57001.ovpn,
2026-09-22T17:47:19.443359,75090,Japan,SUCCESS,server_75090.ovpn,
2026-09-22T17:47:19.558200,1846148,Russia,SUCCESS,server_1846148.ovpn,
2026-09-22T17:47:22.311642,2243344,USA,SUCCESS,server_2243344.ovpn,
2026-09-22T17:47:22.343804,949051,South Korea,SUCCESS,server_949051.ovpn,
2026-09-22T17:47:24.685387,110442,Japan,SUCCESS,server_110442.ovpn,
2026-09-22T17:47:25.131131,176495,Japan,SUCCESS,server_176495.ovpn,
2026-09-22T17:47:25.957201,98941,Japan,SUCCESS,server_98941.ovpn,
2026-09-22T17:47:26.468499,122270,South Korea,SUCCESS,server_122270.ovpn,
2026-09-22T17:47:27.195562,42538,South Korea,SUCCESS,server_42538.ovpn,
2026-09-22T17:47:28.293383,467599,South Korea,SUCCESS,server_467599.ovpn,
2026-09-22T17:47:30.258348,53089,Japan,SUCCESS,server_53089.ovpn,
2026-09-22T17:47:31.554855,1999922,Japan,SUCCESS,server_1999922.ovpn,
2026-09-22T17:47:31.642311,1721777,South Korea,SUCCESS,server_1721777.ovpn,
2026-09-22T17:47:32.057922,182215,Japan,SUCCESS,server_182215.ovpn,
2026-09-22T17:47:32.946252,67365,Japan,SUCCESS,server_67365.ovpn,
2026-09-22T17:47:33.892392,52347,Australia,SUCCESS,server_52347.ovpn,
2026-09-22T17:47:37.013527,170358,Japan,SUCCESS,server_170358.ovpn,
2026-09-22T17:47:37.254820,68224,USA,SUCCESS,server_68224.ovpn,
2026-09-22T17:47:38.397048,915221,South Korea,SUCCESS,server_915221.ovpn,
2026-09-22T17:47:39.381223,64658,Japan,SUCCESS,server_64658.ovpn,
2026-09-22T17:47:39.416016,910357,South Korea,SUCCESS,server_910357.ovpn,
2026-09-22T17:47:39.827047,3587482,Japan,SUCCESS,server_3587482.ovpn,
2026-09-22T17:47:45.011251,43705,Japan,SUCCESS,server_43705.ovpn,
2026-09-22T17:47:46.206043,676638,Japan,SUCCESS,server_676638.ovpn,
2026-09-22T17:47:46.305726,956600,South Korea,SUCCESS,server_956600.ovpn,
2026-09-22T17:47:46.961836,262619,South Korea,SUCCESS,server_262619.ovpn,
2026-09-22T17:47:47.260192,456701,France,SUCCESS,server_456701.ovpn,
2026-09-22T17:47:47.939336,1794448,USA,SUCCESS,server_1794448.ovpn,
2026-09-22T17:47:52.108265,79168,Japan,SUCCESS,server_79168.ovpn,
2026-09-22T17:47:52.577682,3200329,Japan,SUCCESS,server_3200329.ovpn,
2026-09-22T17:47:52.790811,138493,South Korea,SUCCESS,server_138493.ovpn,
2026-09-22T17:47:53.350163,1799250,South Korea,SUCCESS,server_1799250.ovpn,
2026-09-22T17:47:53.384835,1607320,Japan,SUCCESS,server_1607320.ovpn,
2026-09-22T17:47:53.579214,1868600,Japan,SUCCESS,server_1868600.ovpn,
2026-09-22T17:47:57.384077,62122,Japan,SUCCESS,server_62122.ovpn,
2026-09-22T17:47:57.824993,104701,South Korea,SUCCESS,server_104701.ovpn,
2026-09-22T17:47:57.863847,217952,Japan,SUCCESS,server_217952.ovpn,
2026-09-22T17:47:58.369847,1067970,South Korea,SUCCESS,server_1067970.ovpn,
2026-09-22T17:47:58.897692,761306,Japan,SUCCESS,server_761306.ovpn,
2026-09-22T17:47:59.110956,2353333,France,SUCCESS,server_2353333.ovpn,
2026-09-22T17:48:02.157769,1739227,Japan,SUCCESS,server_1739227.ovpn,
2026-09-22T17:48:03.475771,41985,Japan,SUCCESS,server_41985.ovpn,
2026-09-22T17:48:04.393686,828295,South Korea,SUCCESS,server_828295.ovpn,
2026-09-22T17:48:04.638961,992507,Japan,SUCCESS,server_992507.ovpn,
2026-09-22T17:48:05.135014,1446343,Japan,SUCCESS,server_1446343.ovpn,
2026-09-22T17:48:05.286741,99966,South Korea,SUCCESS,server_99966.ovpn,
2026-09-22T17:48:07.221684,2141431,Russia,SUCCESS,server_2141431.ovpn,
2026-09-22T17:48:09.201053,2144532,Japan,SUCCESS,server_2144532.ovpn,
2026-09-22T17:48:10.347677,101391,Japan,SUCCESS,server_101391.ovpn,
2026-09-22T17:48:10.365385,879611,Japan,SUCCESS,server_879611.ovpn,
2026-09-22T17:48:11.239977,665057,South Korea,SUCCESS,server_665057.ovpn,
2026-09-22T17:48:11.381875,1703856,Japan,SUCCESS,server_1703856.ovpn,
2026-09-22T17:48:12.071007,2405669,Japan,SUCCESS,server_2405669.ovpn,
2026-09-22T17:48:13.733764,2165960,Canada,SUCCESS,server_2165960.ovpn,
2026-09-22T17:48:15.069972,47336,Japan,SUCCESS,server_47336.ovpn,
2026-09-22T17:48:17.005877,911369,Japan,SUCCESS,server_911369.ovpn,
2026-09-22T17:48:17.041162,827605,Japan,FAILED,,Failed to load download page (Status: No response)
2026-09-22T17:48:17.376523,1688695,South Korea,SUCCESS,server_1688695.ovpn,
2026-09-22T17:48:18.099937,143385,Japan,SUCCESS,server_143385.ovpn,
2026-09-22T17:48:19.085931,187307,South Korea,SUCCESS,server_187307.ovpn,
2026-09-22T17:48:20.614846,43948,Japan,SUCCESS,server_43948.ovpn,
2026-09-22T17:48:23.398840,55103,South Korea,SUCCESS,server_55103.ovpn,
2026-09-22T17:48:23.715890,439186,South Korea,SUCCESS,server_439186.ovpn,
2026-09-22T17:48:23.984631,100150,South Korea,SUCCESS,server_100150.ovpn,
2026-09-22T17:48:24.324135,314581,Japan,SUCCESS,server_314581.ovpn,
2026-09-22T17:48:25.051814,58694,South Korea,SUCCESS,server_58694.ovpn,
2026-09-22T17:48:25.737607,121632,South Korea,SUCCESS,server_121632.ovpn,
2026-09-22T17:48:28.216899,144265,Japan,SUCCESS,server_144265.ovpn,
2026-09-22T17:48:28.285557,321510,South Korea,SUCCESS,server_321510.ovpn,
2026-09-22T17:48:28.975576,47843,Japan,SUCCESS,server_47843.ovpn,
2026-09-22T17:48:28.993597,52306,South Korea,SUCCESS,server_52306.ovpn,
2026-09-22T17:48:30.456874,63675,South Korea,SUCCESS,server_63675.ovpn,
2026-09-22T17:48:31.984831,840620,Japan,SUCCESS,server_840620.ovpn,
2026-09-22T17:48:33.823835,124737,Japan,SUCCESS,server_124737.ovpn,
2026-09-22T17:48:34.121699,147499,USA,SUCCESS,server_147499.ovpn,
2026-09-22T17:48:34.266273,670358,South Korea,SUCCESS,server_670358.ovpn,
2026-09-22T17:48:34.776667,100396,Japan,SUCCESS,server_100396.ovpn,
2026-09-22T17:48:35.525002,59312,South Korea,SUCCESS,server_59312.ovpn,
2026-09-22T17:48:37.945780,2934344,South Korea,SUCCESS,server_2934344.ovpn,
2026-09-22T17:48:39.736568,1068990,South Korea,SUCCESS,server_1068990.ovpn,
2026-09-22T17:48:39.777741,2266605,Japan,SUCCESS,server_2266605.ovpn,
2026-09-22T17:48:40.202457,1535618,Japan,SUCCESS,server_1535618.ovpn,
2026-09-22T17:48:40.349557,1328999,Japan,SUCCESS,server_1328999.ovpn,
2026-09-22T17:48:40.754760,1634114,Japan,SUCCESS,server_1634114.ovpn,
2026-09-22T17:48:44.012417,1715694,South Korea,SUCCESS,server_1715694.ovpn,
2026-09-22T17:48:47.134449,75511,Japan,SUCCESS,server_75511.ovpn,
2026-09-22T17:48:47.457093,95814,South Korea,SUCCESS,server_95814.ovpn,
2026-09-22T17:48:47.634766,3562381,Ukraine,SUCCESS,server_3562381.ovpn,
2026-09-22T17:48:48.394434,1457564,USA,SUCCESS,server_1457564.ovpn,
2026-09-22T17:48:48.586656,57703,South Korea,SUCCESS,server_57703.ovpn,
2026-09-22T17:48:49.621992,41458,Ukraine,FAILED,,Failed to load download page (Status: No response)
2026-09-22T17:48:52.672762,1368805,Japan,SUCCESS,server_1368805.ovpn,
2026-09-22T17:48:52.889465,480198,South Korea,SUCCESS,server_480198.ovpn,
2026-09-22T17:48:53.848754,2137918,South Korea,SUCCESS,server_2137918.ovpn,
2026-09-22T17:48:53.934636,1072181,Japan,SUCCESS,server_1072181.ovpn,
2026-09-22T17:48:54.910674,479720,Japan,SUCCESS,server_479720.ovpn,
2026-09-22T17:48:56.452682,3109545,South Korea,SUCCESS,server_3109545.ovpn,
2026-09-22T17:48:57.814681,74404,South Korea,SUCCESS,server_74404.ovpn,
2026-09-22T17:48:58.987325,837526,Japan,SUCCESS,server_837526.ovpn,
2026-09-22T17:48:59.206259,135836,South Korea,SUCCESS,server_135836.ovpn,
2026-09-22T17:48:59.476324,1986997,Finland,SUCCESS,server_1986997.ovpn,
2026-09-22T17:49:00.678608,41511,South Korea,SUCCESS,server_41511.ovpn,
2026-09-22T17:49:03.568006,918250,South Korea,SUCCESS,server_918250.ovpn,
2026-09-22T17:49:05.381267,480485,Japan,SUCCESS,server_480485.ovpn,
2026-09-22T17:49:06.157476,2255660,Japan,SUCCESS,server_2255660.ovpn,
2026-09-22T17:49:06.420324,49218,Japan,SUCCESS,server_49218.ovpn,
2026-09-22T17:49:07.621327,45508,Japan,SUCCESS,server_45508.ovpn,
2026-09-22T17:49:07.995779,2405673,Japan,SUCCESS,server_2405673.ovpn,
2026-09-22T17:49:09.181585,2092982,Japan,SUCCESS,server_2092982.ovpn,
2026-09-22T17:49:10.210757,1568491,South Korea,FAILED,,Failed to load download page (Status: No response)
2026-09-22T17:49:12.281047,1597883,USA,SUCCESS,server_1597883.ovpn,
2026-09-22T17:49:12.437091,99531,Japan,SUCCESS,server_99531.ovpn,
2026-09-22T17:49:12.937482,1930022,South Korea,SUCCESS,server_1930022.ovpn,
2026-09-22T17:49:14.765267,163966,Japan,SUCCESS,server_163966.ovpn,
2026-09-22T17:49:16.612537,151453,South Korea,SUCCESS,server_151453.ovpn,
2026-09-22T17:49:16.807492,1902400,Japan,SUCCESS,server_1902400.ovpn,
2026-09-22T17:49:18.156513,90116,USA,SUCCESS,server_90116.ovpn,
2026-09-22T17:49:19.513412,76829,Japan,SUCCESS,server_76829.ovpn,
2026-09-22T17:49:19.949462,1235935,South Korea,SUCCESS,server_1235935.ovpn,
2026-09-22T17:49:20.822552,46784,Japan,SUCCESS,server_46784.ovpn,
2026-09-22T17:49:21.841658,1987911,South Korea,SUCCESS,server_1987911.ovpn,
2026-09-22T17:49:22.837176,46540,Japan,SUCCESS,server_46540.ovpn,
2026-09-22T17:49:23.519052,42752,Japan,SUCCESS,server_42752.ovpn,
2026-09-22T17:49:25.229525,73176,Japan,SUCCESS,server_73176.ovpn,
2026-09-22T17:49:26.349236,44094,South Korea,SUCCESS,server_44094.ovpn,
2026-09-22T17:49:26.776436,739704,Japan,SUCCESS,server_739704.ovpn,
2026-09-22T17:49:27.583057,2537384,South Korea,SUCCESS,server_2537384.ovpn,
2026-09-22T17:49:28.409354,1181987,South Korea,SUCCESS,server_1181987.ovpn,
2026-09-22T17:49:28.495160,940031,South Korea,SUCCESS,server_940031.ovpn,
2026-09-22T17:49:31.017435,41450,Japan,SUCCESS,server_41450.ovpn,
2026-09-22T17:49:32.474110,1643716,South Korea,SUCCESS,server_1643716.ovpn,
2026-09-22T17:49:32.584755,1372681,South Korea,SUCCESS,server_1372681.ovpn,
2026-09-22T17:49:33.661262,3483576,Japan,SUCCESS,server_3483576.ovpn,
2026-09-22T17:49:33.852393,48145,Japan,SUCCESS,server_48145.ovpn,
2026-09-22T17:49:33.923270,943854,Japan,SUCCESS,server_943854.ovpn,
2026-09-22T17:49:37.262340,41991,Japan,SUCCESS,server_41991.ovpn,
2026-09-22T17:49:39.154113,765311,Japan,SUCCESS,server_765311.ovpn,
2026-09-22T17:49:39.237112,2008217,Japan,SUCCESS,server_2008217.ovpn,
2026-09-22T17:49:39.313707,2233566,USA,SUCCESS,server_2233566.ovpn,
2026-09-22T17:49:39.404053,60468,South Korea,SUCCESS,server_60468.ovpn,
2026-09-22T17:49:39.449382,2255659,Japan,SUCCESS,server_2255659.ovpn,
2026-09-22T17:49:43.286349,103724,South Korea,SUCCESS,server_103724.ovpn,
2026-09-22T17:49:44.974323,1245861,South Korea,SUCCESS,server_1245861.ovpn,
2026-09-22T17:49:45.178421,3694657,Japan,SUCCESS,server_3694657.ovpn,
2026-09-22T17:49:45.621232,46834,South Korea,SUCCESS,server_46834.ovpn,
2026-09-22T17:49:46.675019,42270,Japan,SUCCESS,server_42270.ovpn,
2026-09-22T17:49:46.890924,1608310,South Korea,SUCCESS,server_1608310.ovpn,
2026-09-22T17:49:49.228308,1770963,Netherlands,SUCCESS,server_1770963.ovpn,
2026-09-22T17:49:51.126222,837155,South Korea,SUCCESS,server_837155.ovpn,
2026-09-22T17:49:51.601010,101899,South Korea,SUCCESS,server_101899.ovpn,
2026-09-22T17:49:51.724137,77351,South Korea,SUCCESS,server_77351.ovpn,
2026-09-22T17:49:52.617283,944212,South Korea,SUCCESS,server_944212.ovpn,
2026-09-22T17:49:53.081411,1897514,Russia,SUCCESS,server_1897514.ovpn,
2026-09-22T17:49:53.429159,1075381,Japan,SUCCESS,server_1075381.ovpn,
2026-09-22T17:49:56.746179,171249,South Korea,SUCCESS,server_171249.ovpn,
2026-09-22T17:49:57.000962,1956985,Japan,SUCCESS,server_1956985.ovpn,
2026-09-22T17:49:57.087963,1575590,Japan,SUCCESS,server_1575590.ovpn,
2026-09-22T17:49:58.466930,2230165,South Korea,SUCCESS,server_2230165.ovpn,
2026-09-22T17:49:58.768097,1965702,South Korea,SUCCESS,server_1965702.ovpn,
2026-09-22T17:49:58.863872,101608,Japan,SUCCESS,server_101608.ovpn,
2026-09-22T17:50:01.739899,75502,Japan,SUCCESS,server_75502.ovpn,
2026-09-22T17:50:01.826940,888282,USA,SUCCESS,server_888282.ovpn,
2026-09-22T17:50:02.910268,3366177,South Korea,SUCCESS,server_3366177.ovpn,
2026-09-22T17:50:05.054859,73517,Japan,SUCCESS,server_73517.ovpn,
2026-09-22T17:50:05.760729,480580,South Korea,SUCCESS,server_480580.ovpn,
2026-09-22T17:50:06.348998,51668,Japan,SUCCESS,server_51668.ovpn,
2026-09-22T17:50:07.531074,78238,Japan,SUCCESS,server_78238.ovpn,
2026-09-22T17:50:07.910471,734027,Japan,SUCCESS,server_734027.ovpn,
2026-09-22T17:50:08.141201,1919679,South Korea,SUCCESS,server_1919679.ovpn,
2026-09-22T17:50:10.216895,1662105,South Korea,SUCCESS,server_1662105.ovpn,
2026-09-22T17:50:11.403269,1443746,South Korea,SUCCESS,server_1443746.ovpn,
2026-09-22T17:50:11.905080,759388,Japan,SUCCESS,server_759388.ovpn,
2026-09-22T17:50:12.679150,110891,Japan,SUCCESS,server_110891.ovpn,
2026-09-22T17:50:15.144851,73272,Japan,SUCCESS,server_73272.ovpn,
2026-09-22T17:50:15.236913,44778,Japan,SUCCESS,server_44778.ovpn,
2026-09-22T17:50:18.134958,2016397,USA,SUCCESS,server_2016397.ovpn,
2026-09-22T17:50:18.530976,1868597,South Korea,SUCCESS,server_1868597.ovpn,
2026-09-22T17:50:19.249788,47048,Japan,SUCCESS,server_47048.ovpn,
2026-09-22T17:50:19.285135,770909,South Korea,SUCCESS,server_770909.ovpn,
2026-09-22T17:50:20.359153,53812,Japan,SUCCESS,server_53812.ovpn,
2026-09-22T17:50:20.777077,647851,Ukraine,SUCCESS,server_647851.ovpn,
2026-09-22T17:50:24.295072,2355223,Japan,SUCCESS,server_2355223.ovpn,
2026-09-22T17:50:24.860106,1281732,South Korea,SUCCESS,server_1281732.ovpn,
2026-09-22T17:50:25.467211,2088277,South Korea,SUCCESS,server_2088277.ovpn,
2026-09-22T17:50:25.954640,1317341,South Korea,SUCCESS,server_1317341.ovpn,
2026-09-22T17:50:26.564478,102885,Japan,SUCCESS,server_102885.ovpn,
2026-09-22T17:50:27.110846,837161,USA,SUCCESS,server_837161.ovpn,
2026-09-22T17:50:31.174073,982124,South Korea,SUCCESS,server_982124.ovpn,
2026-09-22T17:50:32.129594,1022039,USA,SUCCESS,server_1022039.ovpn,
2026-09-22T17:50:32.356706,968514,South Korea,SUCCESS,server_968514.ovpn,
2026-09-22T17:50:32.407087,3441776,South Korea,SUCCESS,server_3441776.ovpn,
2026-09-22T17:50:32.792773,479869,South Korea,SUCCESS,server_479869.ovpn,
2026-09-22T17:50:33.857044,1598750,Japan,SUCCESS,server_1598750.ovpn,
2026-09-22T17:50:36.486902,138382,Japan,SUCCESS,server_138382.ovpn,
2026-09-22T17:50:38.639035,44008,Japan,SUCCESS,server_44008.ovpn,
2026-09-22T17:50:38.843738,2129228,Latvia,SUCCESS,server_2129228.ovpn,
2026-09-22T17:50:39.190738,44893,South Korea,SUCCESS,server_44893.ovpn,
2026-09-22T17:50:40.256942,2224487,Japan,SUCCESS,server_2224487.ovpn,
2026-09-22T17:50:42.097525,2930992,Japan,SUCCESS,server_2930992.ovpn,
2026-09-22T17:50:42.543809,2974287,Russia,SUCCESS,server_2974287.ovpn,
2026-09-22T17:50:46.500665,119491,South Korea,SUCCESS,server_119491.ovpn,
2026-09-22T17:50:46.800875,66481,Japan,SUCCESS,server_66481.ovpn,
2026-09-22T17:50:46.933893,42914,Japan,SUCCESS,server_42914.ovpn,
2026-09-22T17:50:48.663535,147987,South Korea,SUCCESS,server_147987.ovpn,
2026-09-22T17:50:48.691365,80962,South Korea,SUCCESS,server_80962.ovpn,
2026-09-22T17:50:49.709875,116175,Japan,SUCCESS,server_116175.ovpn,
2026-09-22T17:50:53.673684,42598,South Korea,SUCCESS,server_42598.ovpn,
2026-09-22T17:50:53.741565,2197663,South Korea,SUCCESS,server_2197663.ovpn,
2026-09-22T17:50:54.360393,57095,South Korea,SUCCESS,server_57095.ovpn,
2026-09-22T17:50:54.849234,41996,Japan,SUCCESS,server_41996.ovpn,
2026-09-22T17:50:54.898000,138358,Japan,FAILED,,Failed to load download page (Status: No response)
2026-09-22T17:50:55.191478,51056,South Korea,SUCCESS,server_51056.ovpn,
2026-09-22T17:50:59.114040,2319300,South Korea,SUCCESS,server_2319300.ovpn,
2026-09-22T17:50:59.368816,2137913,South Korea,SUCCESS,server_2137913.ovpn,
2026-09-22T17:51:00.898996,46779,Japan,SUCCESS,server_46779.ovpn,
2026-09-22T17:51:02.574402,47337,South Korea,SUCCESS,server_47337.ovpn,
2026-09-22T17:51:03.388635,3663718,Japan,SUCCESS,server_3663718.ovpn,
2026-09-22T17:51:03.691791,45147,Japan,SUCCESS,server_45147.ovpn,
2026-09-22T17:51:04.498663,76764,South Korea,SUCCESS,server_76764.ovpn,
2026-09-22T17:51:05.121762,148511,France,SUCCESS,server_148511.ovpn,
2026-09-22T17:51:06.689751,953844,Japan,SUCCESS,server_953844.ovpn,
2026-09-22T17:51:09.287589,841466,South Korea,SUCCESS,server_841466.ovpn,
2026-09-22T17:51:09.731239,355454,Japan,SUCCESS,server_355454.ovpn,
2026-09-22T17:51:10.657271,101639,Japan,SUCCESS,server_101639.ovpn,
2026-09-22T17:51:12.005305,2188816,Czech Republic,SUCCESS,server_2188816.ovpn,
2026-09-22T17:51:12.881656,52148,Japan,SUCCESS,server_52148.ovpn,
2026-09-22T17:51:13.038614,820568,Japan,SUCCESS,server_820568.ovpn,
2026-09-22T17:51:16.205537,74878,Japan,SUCCESS,server_74878.ovpn,
2026-09-22T17:51:17.486587,1815228,Japan,SUCCESS,server_1815228.ovpn,
2026-09-22T17:51:19.403406,990256,South Korea,SUCCESS,server_990256.ovpn,
2026-09-22T17:51:19.668487,2062328,Japan,SUCCESS,server_2062328.ovpn,
2026-09-22T17:51:20.003576,2401092,Russia,SUCCESS,server_2401092.ovpn,
2026-09-22T17:51:20.988567,904435,Japan,SUCCESS,server_904435.ovpn,
2026-09-22T17:51:22.057592,1841173,Japan,SUCCESS,server_1841173.ovpn,
2026-09-22T17:51:23.986484,955882,South Korea,SUCCESS,server_955882.ovpn,
2026-09-22T17:51:25.764483,878332,South Korea,SUCCESS,server_878332.ovpn,
2026-09-22T17:51:26.100241,1383454,Canada,SUCCESS,server_1383454.ovpn,
2026-09-22T17:51:26.473361,2120076,Japan,SUCCESS,server_2120076.ovpn,
2026-09-22T17:51:27.039312,1176088,USA,SUCCESS,server_1176088.ovpn,
2026-09-22T17:51:28.284623,47586,Japan,SUCCESS,server_47586.ovpn,
2026-09-22T17:51:30.075472,1895833,South Korea,SUCCESS,server_1895833.ovpn,
2026-09-22T17:51:31.954161,79966,South Korea,SUCCESS,server_79966.ovpn,
2026-09-22T17:51:32.191603,3650332,USA,SUCCESS,server_3650332.ovpn,
2026-09-22T17:51:32.465094,856428,South Korea,SUCCESS,server_856428.ovpn,
2026-09-22T17:51:33.309134,58907,South Korea,SUCCESS,server_58907.ovpn,
2026-09-22T17:51:33.844200,849346,Japan,SUCCESS,server_849346.ovpn,
2026-09-22T17:51:36.938501,1879127,Japan,SUCCESS,server_1879127.ovpn,
2026-09-22T17:51:39.460907,111549,Japan,SUCCESS,server_111549.ovpn,
2026-09-22T17:51:39.787147,2414651,South Korea,SUCCESS,server_2414651.ovpn,
2026-09-22T17:51:40.655294,734949,Japan,SUCCESS,server_734949.ovpn,
2026-09-22T17:51:40.945369,47440,Japan,SUCCESS,server_47440.ovpn,
2026-09-22T17:51:41.984234,60810,Japan,SUCCESS,server_60810.ovpn,
2026-09-22T17:51:45.388423,1941408,South Korea,SUCCESS,server_1941408.ovpn,
2026-09-22T17:51:48.303310,876023,South Korea,SUCCESS,server_876023.ovpn,
2026-09-22T17:51:49.345313,55016,USA,SUCCESS,server_55016.ovpn,
2026-09-22T17:51:49.888304,763273,South Korea,SUCCESS,server_763273.ovpn,
2026-09-22T17:51:50.067201,1174021,Ukraine,SUCCESS,server_1174021.ovpn,
2026-09-22T17:51:50.891283,47075,South Korea,SUCCESS,server_47075.ovpn,
2026-09-22T17:51:51.238257,3099547,South Korea,SUCCESS,server_3099547.ovpn,
2026-09-22T17:51:56.071304,2812014,South Korea,SUCCESS,server_2812014.ovpn,
2026-09-22T17:51:56.930248,128632,South Korea,SUCCESS,server_128632.ovpn,
2026-09-22T17:51:58.096298,2479850,Japan,SUCCESS,server_2479850.ovpn,
2026-09-22T17:51:58.543264,1912772,South Korea,SUCCESS,server_1912772.ovpn,
2026-09-22T17:51:58.784100,267025,Russia,SUCCESS,server_267025.ovpn,
2026-09-22T17:51:58.820600,480554,Japan,SUCCESS,server_480554.ovpn,
2026-09-22T17:52:02.600434,99669,South Korea,SUCCESS,server_99669.ovpn,
2026-09-22T17:52:03.024191,910723,Japan,SUCCESS,server_910723.ovpn,
2026-09-22T17:52:05.273236,3749206,South Korea,SUCCESS,server_3749206.ovpn,
2026-09-22T17:52:05.428130,44114,South Korea,SUCCESS,server_44114.ovpn,
2026-09-22T17:52:05.465496,1500429,South Korea,SUCCESS,server_1500429.ovpn,
2026-09-22T17:52:06.059938,64677,South Korea,SUCCESS,server_64677.ovpn,
2026-09-22T17:52:08.893349,73521,Japan,SUCCESS,server_73521.ovpn,
2026-09-22T17:52:09.026240,137331,Japan,SUCCESS,server_137331.ovpn,
2026-09-22T17:52:12.189133,53704,Japan,SUCCESS,server_53704.ovpn,
2026-09-22T17:52:14.346338,53500,South Korea,SUCCESS,server_53500.ovpn,
2026-09-22T17:52:14.366671,949861,Japan,SUCCESS,server_949861.ovpn,
2026-09-22T17:52:15.248914,877207,South Korea,SUCCESS,server_877207.ovpn,
2026-09-22T17:52:18.324847,44404,Japan,SUCCESS,server_44404.ovpn,
2026-09-22T17:52:20.242081,132880,Ukraine,SUCCESS,server_132880.ovpn,
2026-09-22T17:52:20.987990,48087,South Korea,SUCCESS,server_48087.ovpn,
2026-09-22T17:52:22.599146,2333605,South Korea,SUCCESS,server_2333605.ovpn,
2026-09-22T17:52:26.154322,78988,Japan,SUCCESS,server_78988.ovpn,
2026-09-22T17:52:26.395376,906923,South Korea,SUCCESS,server_906923.ovpn,
2026-09-22T17:52:28.430970,2185480,Japan,SUCCESS,server_2185480.ovpn,
2026-09-22T17:52:29.320056,3099554,Japan,SUCCESS,server_3099554.ovpn,
2026-09-22T17:52:29.570914,1001054,Japan,SUCCESS,server_1001054.ovpn,
2026-09-22T17:52:29.782723,1986998,Japan,SUCCESS,server_1986998.ovpn,
2026-09-22T17:52:33.091044,1732085,USA,SUCCESS,server_1732085.ovpn,
2026-09-22T17:52:33.926249,121246,South Korea,SUCCESS,server_121246.ovpn,
2026-09-22T17:52:34.546153,905167,USA,SUCCESS,server_905167.ovpn,
2026-09-22T17:52:34.769547,48663,Japan,SUCCESS,server_48663.ovpn,
2026-09-22T17:52:35.688964,3152308,USA,SUCCESS,server_3152308.ovpn,
2026-09-22T17:52:36.887984,2192828,South Korea,SUCCESS,server_2192828.ovpn,
2026-09-22T17:52:38.814650,2180300,South Korea,SUCCESS,server_2180300.ovpn,
2026-09-22T17:52:38.892887,3346125,Russia,SUCCESS,server_3346125.ovpn,
2026-09-22T17:52:41.933773,912591,Japan,SUCCESS,server_912591.ovpn,
2026-09-22T17:52:42.132660,75446,South Korea,SUCCESS,server_75446.ovpn,
2026-09-22T17:52:42.263885,893958,Japan,SUCCESS,server_893958.ovpn,
2026-09-22T17:52:42.393989,402834,South Korea,SUCCESS,server_402834.ovpn,
2026-09-22T17:52:44.292929,1751996,South Korea,SUCCESS,server_1751996.ovpn,
2026-09-22T17:52:47.025946,3387507,Japan,SUCCESS,server_3387507.ovpn,
2026-09-22T17:52:48.266933,42526,Japan,SUCCESS,server_42526.ovpn,
2026-09-22T17:52:51.730794,1257873,South Korea,SUCCESS,server_1257873.ovpn,
2026-09-22T17:52:52.507842,791927,Japan,SUCCESS,server_791927.ovpn,
2026-09-22T17:52:52.695667,844013,South Korea,SUCCESS,server_844013.ovpn,
2026-09-22T17:52:53.045741,884439,South Korea,SUCCESS,server_884439.ovpn,
2026-09-22T17:52:55.277770,249389,Sweden,SUCCESS,server_249389.ovpn,
2026-09-22T17:52:56.805644,1703897,Japan,SUCCESS,server_1703897.ovpn,
2026-09-22T17:52:59.780736,2170263,South Korea,SUCCESS,server_2170263.ovpn,
2026-09-22T17:53:00.195602,1714483,Japan,SUCCESS,server_1714483.ovpn,
2026-09-22T17:53:00.667785,1249086,South Korea,SUCCESS,server_1249086.ovpn,
2026-09-22T17:53:03.053737,3180072,South Korea,SUCCESS,server_3180072.ovpn,
2026-09-22T17:53:03.537554,1634192,USA,SUCCESS,server_1634192.ovpn,
2026-09-22T17:53:04.929554,102901,Japan,SUCCESS,server_102901.ovpn,
2026-09-22T17:53:07.206628,324212,Japan,SUCCESS,server_324212.ovpn,
2026-09-22T17:53:07.364676,665087,South Korea,SUCCESS,server_665087.ovpn,
2026-09-22T17:53:09.311700,3714043,Japan,SUCCESS,server_3714043.ovpn,
2026-09-22T17:53:10.959477,68460,South Korea,SUCCESS,server_68460.ovpn,
2026-09-22T17:53:11.267645,986544,Japan,SUCCESS,server_986544.ovpn,
2026-09-22T17:53:12.968481,55932,Japan,SUCCESS,server_55932.ovpn,
2026-09-22T17:53:14.109691,2042558,Japan,SUCCESS,server_2042558.ovpn,
2026-09-22T17:53:14.857617,2267551,South Korea,SUCCESS,server_2267551.ovpn,
2026-09-22T17:53:16.215619,51214,South Korea,SUCCESS,server_51214.ovpn,
2026-09-22T17:53:16.449404,918551,South Korea,SUCCESS,server_918551.ovpn,
2026-09-22T17:53:17.415515,905142,Japan,SUCCESS,server_905142.ovpn,
2026-09-22T17:53:18.099337,1487679,South Korea,SUCCESS,server_1487679.ovpn,
2026-09-22T17:53:18.580693,58230,South Korea,SUCCESS,server_58230.ovpn,
2026-09-22T17:53:20.901501,1115389,South Korea,SUCCESS,server_1115389.ovpn,
2026-09-22T17:53:20.984575,1561267,Croatia (Hrvatska),SUCCESS,server_1561267.ovpn,
2026-09-22T17:53:22.135665,48056,Japan,SUCCESS,server_48056.ovpn,
2026-09-22T17:53:22.747516,1281716,South Korea,SUCCESS,server_1281716.ovpn,
2026-09-22T17:53:23.638513,909063,Japan,SUCCESS,server_909063.ovpn,
2026-09-22T17:53:24.164235,3466037,South Korea,SUCCESS,server_3466037.ovpn,
2026-09-22T17:53:26.400985,1482511,South Korea,FAILED,,Failed to load download page (Status: No response)
2026-09-22T17:53:26.711576,52318,Japan,SUCCESS,server_52318.ovpn,
2026-09-22T17:53:27.882613,165051,South Korea,SUCCESS,server_165051.ovpn,
2026-09-22T17:53:28.058269,2431070,South Korea,SUCCESS,server_2431070.ovpn,
2026-09-22T17:53:29.287649,1898798,South Korea,SUCCESS,server_1898798.ovpn,
2026-09-22T17:53:30.405653,1690537,Japan,SUCCESS,server_1690537.ovpn,
2026-09-22T17:53:32.563665,1365292,Japan,SUCCESS,server_1365292.ovpn,
2026-09-22T17:53:32.717597,120408,Japan,SUCCESS,server_120408.ovpn,
2026-09-22T17:53:33.807649,852419,South Korea,SUCCESS,server_852419.ovpn,
2026-09-22T17:53:34.280651,42650,Japan,SUCCESS,server_42650.ovpn,
2026-09-22T17:53:34.489435,1129814,South Korea,SUCCESS,server_1129814.ovpn,
2026-09-22T17:53:35.711375,82386,South Korea,SUCCESS,server_82386.ovpn,
2026-09-22T17:53:38.220491,1332103,Japan,SUCCESS,server_1332103.ovpn,
2026-09-22T17:53:38.889117,42679,South Korea,SUCCESS,server_42679.ovpn,
2026-09-22T17:53:39.290340,47303,Japan,SUCCESS,server_47303.ovpn,
2026-09-22T17:53:39.396510,731663,South Korea,SUCCESS,server_731663.ovpn,
2026-09-22T17:53:39.485315,59314,Japan,SUCCESS,server_59314.ovpn,
2026-09-22T17:53:41.200468,1016577,South Korea,SUCCESS,server_1016577.ovpn,
2026-09-22T17:53:46.232963,81768,Japan,SUCCESS,server_81768.ovpn,
2026-09-22T17:53:46.233730,90653,Japan,SUCCESS,server_90653.ovpn,
2026-09-22T17:53:47.262335,1262919,South Korea,SUCCESS,server_1262919.ovpn,
2026-09-22T17:53:47.424333,99875,South Korea,SUCCESS,server_99875.ovpn,
2026-09-22T17:53:47.470323,855775,Australia,SUCCESS,server_855775.ovpn,
2026-09-22T17:53:48.570470,373372,South Korea,SUCCESS,server_373372.ovpn,
2026-09-22T17:53:52.241267,2129230,Japan,SUCCESS,server_2129230.ovpn,
2026-09-22T17:53:52.367033,1276497,Japan,SUCCESS,server_1276497.ovpn,
2026-09-22T17:53:53.029714,2268483,South Korea,SUCCESS,server_2268483.ovpn,
2026-09-22T17:53:53.222347,1657456,Japan,SUCCESS,server_1657456.ovpn,
2026-09-22T17:53:53.960383,178548,Vietnam,SUCCESS,server_178548.ovpn,
2026-09-22T17:53:54.434496,41185,Japan,SUCCESS,server_41185.ovpn,
2026-09-22T17:53:57.827082,1763073,Japan,SUCCESS,server_1763073.ovpn,
2026-09-22T17:53:58.165338,47327,Japan,SUCCESS,server_47327.ovpn,
2026-09-22T17:53:58.527262,115715,Japan,SUCCESS,server_115715.ovpn,
2026-09-22T17:53:58.919205,2479853,Japan,SUCCESS,server_2479853.ovpn,
2026-09-22T17:53:59.705333,41992,Japan,SUCCESS,server_41992.ovpn,
2026-09-22T17:53:59.759155,1161066,Japan,SUCCESS,server_1161066.ovpn,
2026-09-22T17:54:05.442242,322350,Japan,SUCCESS,server_322350.ovpn,
2026-09-22T17:54:06.377152,814084,UK,SUCCESS,server_814084.ovpn,
2026-09-22T17:54:06.448134,48842,Japan,SUCCESS,server_48842.ovpn,
2026-09-22T17:54:07.048182,877189,Japan,SUCCESS,server_877189.ovpn,
2026-09-22T17:54:07.292924,951726,Japan,SUCCESS,server_951726.ovpn,
2026-09-22T17:54:08.023411,912428,Japan,SUCCESS,server_912428.ovpn,
2026-09-22T17:54:11.580968,428759,South Korea,SUCCESS,server_428759.ovpn,
2026-09-22T17:54:12.673095,56904,Japan,SUCCESS,server_56904.ovpn,
2026-09-22T17:54:13.292004,51038,Japan,SUCCESS,server_51038.ovpn,
2026-09-22T17:54:13.585416,847171,South Korea,SUCCESS,server_847171.ovpn,
2026-09-22T17:54:13.685198,2391596,Japan,SUCCESS,server_2391596.ovpn,
2026-09-22T17:54:13.827021,3183484,Japan,SUCCESS,server_3183484.ovpn,
2026-09-22T17:54:18.183939,72141,South Korea,SUCCESS,server_72141.ovpn,
2026-09-22T17:54:18.393233,873506,Germany,SUCCESS,server_873506.ovpn,
2026-09-22T17:54:18.726890,108460,Japan,SUCCESS,server_108460.ovpn,
2026-09-22T17:54:19.668353,494691,Russia,FAILED,,Failed to load download page (Status: No response)
2026-09-22T17:54:20.797132,2284918,South Korea,SUCCESS,server_2284918.ovpn,
2026-09-22T17:54:21.089130,1402694,South Korea,SUCCESS,server_1402694.ovpn,
2026-09-22T17:54:24.269256,1223755,South Korea,SUCCESS,server_1223755.ovpn,
2026-09-22T17:54:24.937972,2352405,South Korea,SUCCESS,server_2352405.ovpn,
2026-09-22T17:54:25.304106,155266,South Korea,SUCCESS,server_155266.ovpn,
2026-09-22T17:54:25.624924,46888,South Korea,SUCCESS,server_46888.ovpn,
2026-09-22T17:54:26.603875,148523,USA,SUCCESS,server_148523.ovpn,
2026-09-22T17:54:27.301055,51666,Japan,SUCCESS,server_51666.ovpn,
2026-09-22T17:54:29.849840,2085468,South Korea,SUCCESS,server_2085468.ovpn,
2026-09-22T17:54:30.404139,1529595,Croatia (Hrvatska),SUCCESS,server_1529595.ovpn,
2026-09-22T17:54:30.767112,167426,South Korea,SUCCESS,server_167426.ovpn,
2026-09-22T17:54:31.664142,1289295,Japan,SUCCESS,server_1289295.ovpn,
2026-09-22T17:54:32.560861,1766012,South Korea,SUCCESS,server_1766012.ovpn,
2026-09-22T17:54:33.766988,494686,Japan,SUCCESS,server_494686.ovpn,
2026-09-22T17:54:36.397194,99604,South Korea,SUCCESS,server_99604.ovpn,
2026-09-22T17:54:36.912137,138262,Japan,SUCCESS,server_138262.ovpn,
2026-09-22T17:54:36.931659,1212887,Japan,SUCCESS,server_1212887.ovpn,
2026-09-22T17:54:37.052072,44338,Japan,SUCCESS,server_44338.ovpn,
2026-09-22T17:54:37.982101,51078,South Korea,SUCCESS,server_51078.ovpn,
2026-09-22T17:54:38.125823,2280094,Japan,SUCCESS,server_2280094.ovpn,
2026-09-22T17:54:40.468731,112242,South Korea,SUCCESS,server_112242.ovpn,
2026-09-22T17:54:43.123056,3074407,Japan,SUCCESS,server_3074407.ovpn,
2026-09-22T17:54:43.588995,130421,Japan,SUCCESS,server_130421.ovpn,
2026-09-22T17:54:43.809899,650044,South Korea,SUCCESS,server_650044.ovpn,
2026-09-22T17:54:44.561781,2414645,Japan,SUCCESS,server_2414645.ovpn,
2026-09-22T17:54:45.052776,122271,South Korea,SUCCESS,server_122271.ovpn,
2026-09-22T17:54:47.026887,154470,South Korea,SUCCESS,server_154470.ovpn,
2026-09-22T17:54:48.112006,248425,Portugal,SUCCESS,server_248425.ovpn,
2026-09-22T17:54:49.036969,1071141,Japan,SUCCESS,server_1071141.ovpn,
2026-09-22T17:54:49.226606,76502,Japan,SUCCESS,server_76502.ovpn,
2026-09-22T17:54:49.453039,2520311,Japan,SUCCESS,server_2520311.ovpn,
2026-09-22T17:54:50.909909,276010,Japan,SUCCESS,server_276010.ovpn,
2026-09-22T17:54:52.062882,87440,Japan,SUCCESS,server_87440.ovpn,
2026-09-22T17:54:53.305811,907518,South Korea,SUCCESS,server_907518.ovpn,
2026-09-22T17:54:54.372512,1629551,South Korea,SUCCESS,server_1629551.ovpn,
2026-09-22T17:54:54.731627,1617156,Japan,SUCCESS,server_1617156.ovpn,
2026-09-22T17:54:54.897595,3420748,Japan,SUCCESS,server_3420748.ovpn,
2026-09-22T17:54:55.585819,129673,South Korea,SUCCESS,server_129673.ovpn,
2026-09-22T17:54:57.242606,58290,South Korea,SUCCESS,server_58290.ovpn,
2026-09-22T17:54:58.313913,56574,South Korea,SUCCESS,server_56574.ovpn,
2026-09-22T17:55:00.381886,439577,South Korea,SUCCESS,server_439577.ovpn,
2026-09-22T17:55:00.694899,1619895,Japan,SUCCESS,server_1619895.ovpn,
2026-09-22T17:55:00.873906,146916,Japan,SUCCESS,server_146916.ovpn,
2026-09-22T17:55:01.374717,111725,South Korea,SUCCESS,server_111725.ovpn,
2026-09-22T17:55:02.479787,1009928,South Korea,SUCCESS,server_1009928.ovpn,
2026-09-22T17:55:04.387834,41915,Japan,SUCCESS,server_41915.ovpn,
2026-09-22T17:55:08.192969,110865,South Korea,SUCCESS,server_110865.ovpn,
2026-09-22T17:55:08.404663,99971,South Korea,SUCCESS,server_99971.ovpn,
2026-09-22T17:55:08.464879,1062282,Russia,SUCCESS,server_1062282.ovpn,
2026-09-22T17:55:09.154905,2039231,Japan,SUCCESS,server_2039231.ovpn,
2026-09-22T17:55:09.181766,57011,Japan,SUCCESS,server_57011.ovpn,
2026-09-22T17:55:14.263458,53794,South Korea,SUCCESS,server_53794.ovpn,
2026-09-22T17:55:14.645325,148408,South Korea,SUCCESS,server_148408.ovpn,
2026-09-22T17:55:15.313006,841884,South Korea,SUCCESS,server_841884.ovpn,
2026-09-22T17:55:16.717732,129675,Japan,SUCCESS,server_129675.ovpn,
2026-09-22T17:55:17.219993,2788841,Georgia,SUCCESS,server_2788841.ovpn,
2026-09-22T17:55:17.868289,1618950,South Korea,SUCCESS,server_1618950.ovpn,
2026-09-22T17:55:20.209146,1821317,Colombia,SUCCESS,server_1821317.ovpn,
2026-09-22T17:55:22.019651,1005462,South Korea,SUCCESS,server_1005462.ovpn,
2026-09-22T17:55:22.611868,2336316,Japan,SUCCESS,server_2336316.ovpn,
2026-09-22T17:55:22.904671,703894,Japan,SUCCESS,server_703894.ovpn,
2026-09-22T17:55:24.024756,1711317,Japan,SUCCESS,server_1711317.ovpn,
2026-09-22T17:55:24.048788,96944,South Korea,SUCCESS,server_96944.ovpn,
2026-09-22T17:55:27.061987,2170276,Japan,SUCCESS,server_2170276.ovpn,
2026-09-22T17:55:27.947636,2720476,Japan,SUCCESS,server_2720476.ovpn,
2026-09-22T17:55:29.780641,1821323,South Korea,SUCCESS,server_1821323.ovpn,
2026-09-22T17:55:31.297697,44751,Japan,SUCCESS,server_44751.ovpn,
2026-09-22T17:55:31.683745,859308,Japan,SUCCESS,server_859308.ovpn,
2026-09-22T17:55:31.757533,2668179,Japan,SUCCESS,server_2668179.ovpn,
2026-09-22T17:55:32.911912,2910683,Japan,SUCCESS,server_2910683.ovpn,
2026-09-22T17:55:34.594721,1037113,South Korea,SUCCESS,server_1037113.ovpn,
2026-09-22T17:55:37.251750,838665,South Korea,SUCCESS,server_838665.ovpn,
2026-09-22T17:55:39.002282,3611755,Japan,SUCCESS,server_3611755.ovpn,
2026-09-22T17:55:39.242820,951022,South Korea,SUCCESS,server_951022.ovpn,
2026-09-22T17:55:39.920748,459774,South Korea,SUCCESS,server_459774.ovpn,
2026-09-22T17:55:41.387636,66470,Japan,SUCCESS,server_66470.ovpn,
2026-09-22T17:55:46.136607,2052491,Japan,SUCCESS,server_2052491.ovpn,
2026-09-22T17:55:47.680221,54425,South Korea,SUCCESS,server_54425.ovpn,
2026-09-22T17:55:49.253656,76790,Japan,SUCCESS,server_76790.ovpn,
2026-09-22T17:55:50.276515,1339032,Japan,SUCCESS,server_1339032.ovpn,
2026-09-22T17:55:51.166595,916510,Japan,SUCCESS,server_916510.ovpn,
2026-09-22T17:55:51.361319,480082,South Korea,SUCCESS,server_480082.ovpn,
2026-09-22T17:55:54.251448,1505285,Japan,SUCCESS,server_1505285.ovpn,
2026-09-22T17:55:54.731515,45155,Japan,FAILED,,Failed to load download page (Status: No response)
2026-09-22T17:55:58.536347,144189,Japan,SUCCESS,server_144189.ovpn,
2026-09-22T17:55:59.441139,196648,Japan,SUCCESS,server_196648.ovpn,
2026-09-22T17:55:59.549816,2231341,Japan,SUCCESS,server_2231341.ovpn,
2026-09-22T17:55:59.751175,954958,South Korea,SUCCESS,server_954958.ovpn,
2026-09-22T17:56:00.160292,3607976,South Korea,SUCCESS,server_3607976.ovpn,
2026-09-22T17:56:03.687495,837749,Japan,SUCCESS,server_837749.ovpn,
2026-09-22T17:56:07.249301,1628832,Mexico,SUCCESS,server_1628832.ovpn,
2026-09-22T17:56:08.799311,49147,Japan,SUCCESS,server_49147.ovpn,
2026-09-22T17:56:09.236146,860233,South Korea,SUCCESS,server_860233.ovpn,
2026-09-22T17:56:10.806781,3008174,Japan,SUCCESS,server_3008174.ovpn,
2026-09-22T17:56:11.194558,54865,Japan,SUCCESS,server_54865.ovpn,
2026-09-22T17:56:11.334304,311056,Japan,SUCCESS,server_311056.ovpn,
2026-09-22T17:56:14.081464,151246,Japan,SUCCESS,server_151246.ovpn,
2026-09-22T17:56:14.332233,480858,USA,SUCCESS,server_480858.ovpn,
2026-09-22T17:56:14.794649,3521640,South Korea,SUCCESS,server_3521640.ovpn,
2026-09-22T17:56:17.002341,953829,USA,SUCCESS,server_953829.ovpn,
2026-09-22T17:56:17.449395,146275,South Korea,SUCCESS,server_146275.ovpn,
2026-09-22T17:56:18.888369,1956197,South Korea,SUCCESS,server_1956197.ovpn,
2026-09-22T17:56:19.544784,135391,Japan,SUCCESS,server_135391.ovpn,
2026-09-22T17:56:20.531280,1289373,Japan,SUCCESS,server_1289373.ovpn,
2026-09-22T17:56:22.304300,54445,Japan,SUCCESS,server_54445.ovpn,
2026-09-22T17:56:23.752962,41170,Japan,SUCCESS,server_41170.ovpn,
2026-09-22T17:56:24.497091,1157959,South Korea,SUCCESS,server_1157959.ovpn,
2026-09-22T17:56:25.249807,2412087,Japan,SUCCESS,server_2412087.ovpn,
2026-09-22T17:56:27.024508,48232,South Korea,SUCCESS,server_48232.ovpn,
2026-09-22T17:56:27.097231,1632246,South Korea,SUCCESS,server_1632246.ovpn,
2026-09-22T17:56:27.642411,48224,Japan,SUCCESS,server_48224.ovpn,
2026-09-22T17:56:31.517220,1046521,Japan,SUCCESS,server_1046521.ovpn,
2026-09-22T17:56:31.619069,886398,South Korea,SUCCESS,server_886398.ovpn,
2026-09-22T17:56:32.198024,43332,Japan,SUCCESS,server_43332.ovpn,
2026-09-22T17:56:32.506054,913236,South Korea,SUCCESS,server_913236.ovpn,
2026-09-22T17:56:34.761145,61115,Japan,SUCCESS,server_61115.ovpn,
2026-09-22T17:56:34.771901,806515,Japan,SUCCESS,server_806515.ovpn,
2026-09-22T17:56:37.817060,96426,South Korea,SUCCESS,server_96426.ovpn,
2026-09-22T17:56:39.019153,116481,Japan,SUCCESS,server_116481.ovpn,
2026-09-22T17:56:40.146539,132068,South Korea,SUCCESS,server_132068.ovpn,
2026-09-22T17:56:41.071138,840699,USA,SUCCESS,server_840699.ovpn,
2026-09-22T17:56:41.323088,817782,Japan,SUCCESS,server_817782.ovpn,
2026-09-22T17:56:43.054070,807339,Japan,SUCCESS,server_807339.ovpn,
2026-09-22T17:56:46.328009,99990,South Korea,SUCCESS,server_99990.ovpn,
2026-09-22T17:56:47.974063,2013219,Japan,SUCCESS,server_2013219.ovpn,
2026-09-22T17:56:51.486008,118514,South Korea,SUCCESS,server_118514.ovpn,
2026-09-22T17:56:51.864874,1020852,South Korea,SUCCESS,server_1020852.ovpn,
2026-09-22T17:56:52.639234,107205,South Korea,SUCCESS,server_107205.ovpn,
2026-09-22T17:56:54.486929,48869,Japan,SUCCESS,server_48869.ovpn,
2026-09-22T17:56:55.162732,479908,Japan,SUCCESS,server_479908.ovpn,
2026-09-22T17:56:56.846065,1665547,South Korea,SUCCESS,server_1665547.ovpn,
2026-09-22T17:56:57.691831,876002,Bangladesh,SUCCESS,server_876002.ovpn,
2026-09-22T17:56:59.715131,41994,Japan,SUCCESS,server_41994.ovpn,
2026-09-22T17:57:00.491694,78967,South Korea,SUCCESS,server_78967.ovpn,
2026-09-22T17:57:00.863850,1291072,Japan,SUCCESS,server_1291072.ovpn,
2026-09-22T17:57:01.342511,139337,Japan,SUCCESS,server_139337.ovpn,
2026-09-22T17:57:02.185970,1714486,South Korea,SUCCESS,server_1714486.ovpn,
2026-09-22T17:57:03.490970,72971,Japan,SUCCESS,server_72971.ovpn,
2026-09-22T17:57:06.357152,1853134,Japan,SUCCESS,server_1853134.ovpn,
2026-09-22T17:57:06.518577,944576,South Korea,SUCCESS,server_944576.ovpn,
2026-09-22T17:57:06.606824,43942,Japan,SUCCESS,server_43942.ovpn,
2026-09-22T17:57:08.873622,43688,Japan,SUCCESS,server_43688.ovpn,
2026-09-22T17:57:09.196585,800873,Japan,SUCCESS,server_800873.ovpn,
2026-09-22T17:57:09.360696,59596,Japan,SUCCESS,server_59596.ovpn,
2026-09-22T17:57:12.694854,60072,Japan,SUCCESS,server_60072.ovpn,
2026-09-22T17:57:12.773747,988174,Japan,SUCCESS,server_988174.ovpn,
2026-09-22T17:57:12.790532,791909,Japan,SUCCESS,server_791909.ovpn,
2026-09-22T17:57:15.416550,43561,South Korea,SUCCESS,server_43561.ovpn,
2026-09-22T17:57:15.816735,45196,Japan,SUCCESS,server_45196.ovpn,
2026-09-22T17:57:15.971475,651090,Japan,SUCCESS,server_651090.ovpn,
2026-09-22T17:57:19.602830,130732,Japan,SUCCESS,server_130732.ovpn,
2026-09-22T17:57:21.152536,43740,Japan,SUCCESS,server_43740.ovpn,
2026-09-22T17:57:21.361972,64960,South Korea,SUCCESS,server_64960.ovpn,
2026-09-22T17:57:22.166760,148528,France,SUCCESS,server_148528.ovpn,
2026-09-22T17:57:24.151980,1579816,South Korea,SUCCESS,server_1579816.ovpn,
2026-09-22T17:57:24.424739,3346115,Japan,SUCCESS,server_3346115.ovpn,
2026-09-22T17:57:27.285692,167418,South Korea,SUCCESS,server_167418.ovpn,
2026-09-22T17:57:27.545972,402830,South Korea,SUCCESS,server_402830.ovpn,
2026-09-22T17:57:29.610714,43939,Japan,SUCCESS,server_43939.ovpn,
2026-09-22T17:57:30.824127,1487691,South Korea,SUCCESS,server_1487691.ovpn,
2026-09-22T17:57:32.334399,248486,South Korea,SUCCESS,server_248486.ovpn,
2026-09-22T17:57:33.075569,944945,South Korea,SUCCESS,server_944945.ovpn,
2026-09-22T17:57:34.006649,100278,Japan,SUCCESS,server_100278.ovpn,
2026-09-22T17:57:34.953415,2148306,South Korea,SUCCESS,server_2148306.ovpn,
2026-09-22T17:57:36.408305,665068,Japan,SUCCESS,server_665068.ovpn,
2026-09-22T17:57:37.388395,698025,Japan,SUCCESS,server_698025.ovpn,
2026-09-22T17:57:38.749884,99876,Japan,SUCCESS,server_99876.ovpn,
2026-09-22T17:57:38.940582,2871529,Japan,SUCCESS,server_2871529.ovpn,
2026-09-22T17:57:39.399193,62882,Japan,SUCCESS,server_62882.ovpn,
2026-09-22T17:57:39.809050,2244200,South Korea,SUCCESS,server_2244200.ovpn,
2026-09-22T17:57:41.998326,1659290,Netherlands,SUCCESS,server_1659290.ovpn,
2026-09-22T17:57:44.303563,78105,Japan,SUCCESS,server_78105.ovpn,
2026-09-22T17:57:46.865994,3511582,Japan,SUCCESS,server_3511582.ovpn,
2026-09-22T17:57:48.025190,1572197,Japan,SUCCESS,server_1572197.ovpn,
2026-09-22T17:57:48.296309,87856,South Korea,SUCCESS,server_87856.ovpn,
2026-09-22T17:57:49.115637,59364,South Korea,SUCCESS,server_59364.ovpn,
2026-09-22T17:57:50.732631,99313,Japan,SUCCESS,server_99313.ovpn,
2026-09-22T17:57:53.165240,330566,Japan,SUCCESS,server_330566.ovpn,
2026-09-22T17:57:56.226440,948199,South Korea,SUCCESS,server_948199.ovpn,
2026-09-22T17:57:57.805558,76789,Japan,SUCCESS,server_76789.ovpn,
2026-09-22T17:57:57.996396,1104773,Japan,SUCCESS,server_1104773.ovpn,
2026-09-22T17:57:58.155369,2137917,South Korea,SUCCESS,server_2137917.ovpn,
2026-09-22T17:57:58.713176,43695,Japan,SUCCESS,server_43695.ovpn,
2026-09-22T17:58:00.644345,55099,New Zealand,SUCCESS,server_55099.ovpn,
2026-09-22T17:58:04.123332,1629661,Japan,SUCCESS,server_1629661.ovpn,
2026-09-22T17:58:06.399177,60203,Japan,SUCCESS,server_60203.ovpn,
2026-09-22T17:58:06.538353,1981419,Japan,SUCCESS,server_1981419.ovpn,
2026-09-22T17:58:06.793200,1065656,Russia,SUCCESS,server_1065656.ovpn,
2026-09-22T17:58:06.823109,1881146,South Korea,SUCCESS,server_1881146.ovpn,
2026-09-22T17:58:07.708373,329672,Russia,SUCCESS,server_329672.ovpn,
2026-09-22T17:58:09.680409,3325140,Japan,SUCCESS,server_3325140.ovpn,
2026-09-22T17:58:11.851277,2063224,UK,SUCCESS,server_2063224.ovpn,
2026-09-22T17:58:12.283293,2073008,Japan,SUCCESS,server_2073008.ovpn,
2026-09-22T17:58:12.882654,1628819,Japan,SUCCESS,server_1628819.ovpn,
2026-09-22T17:58:13.092456,1172198,Japan,SUCCESS,server_1172198.ovpn,
2026-09-22T17:58:13.656204,2520307,Japan,SUCCESS,server_2520307.ovpn,
2026-09-22T17:58:14.657408,364267,Japan,SUCCESS,server_364267.ovpn,
2026-09-22T17:58:16.529373,50186,Japan,SUCCESS,server_50186.ovpn,
2026-09-22T17:58:18.141256,49186,South Korea,SUCCESS,server_49186.ovpn,
2026-09-22T17:58:18.246861,845448,South Korea,SUCCESS,server_845448.ovpn,
2026-09-22T17:58:18.612976,830688,Japan,SUCCESS,server_830688.ovpn,
2026-09-22T17:58:18.749216,1317311,South Korea,SUCCESS,server_1317311.ovpn,
2026-09-22T17:58:20.078961,127702,Spain,SUCCESS,server_127702.ovpn,
2026-09-22T17:58:20.716171,3694661,South Korea,SUCCESS,server_3694661.ovpn,
2026-09-22T17:58:23.529159,956884,Croatia (Hrvatska),SUCCESS,server_956884.ovpn,
2026-09-22T17:58:24.798721,2104313,South Korea,SUCCESS,server_2104313.ovpn,
2026-09-22T17:58:24.799190,79171,Japan,SUCCESS,server_79171.ovpn,
2026-09-22T17:58:25.545255,121038,Japan,SUCCESS,server_121038.ovpn,
2026-09-22T17:58:26.892297,1794426,Japan,SUCCESS,server_1794426.ovpn,
2026-09-22T17:58:27.353196,172576,South Korea,SUCCESS,server_172576.ovpn,
2026-09-22T17:58:29.086563,72145,South Korea,SUCCESS,server_72145.ovpn,
2026-09-22T17:58:30.840954,903032,South Korea,SUCCESS,server_903032.ovpn,
2026-09-22T17:58:30.970085,58889,Japan,SUCCESS,server_58889.ovpn,
2026-09-22T17:58:31.549194,2283320,Japan,SUCCESS,server_2283320.ovpn,
2026-09-22T17:58:32.293091,173197,Thailand,SUCCESS,server_173197.ovpn,
2026-09-22T17:58:33.691973,66708,South Korea,SUCCESS,server_66708.ovpn,
2026-09-22T17:58:35.253750,416420,South Korea,SUCCESS,server_416420.ovpn,
2026-09-22T17:58:36.143173,343106,South Korea,SUCCESS,server_343106.ovpn,
2026-09-22T17:58:37.602105,149075,Japan,SUCCESS,server_149075.ovpn,
2026-09-22T17:58:37.872107,147599,South Korea,SUCCESS,server_147599.ovpn,
2026-09-22T17:58:38.055251,90602,Japan,SUCCESS,server_90602.ovpn,
2026-09-22T17:58:38.281829,64686,South Korea,SUCCESS,server_64686.ovpn,
2026-09-22T17:58:40.842106,1936606,South Korea,SUCCESS,server_1936606.ovpn,
2026-09-22T17:58:41.284914,1984663,Japan,SUCCESS,server_1984663.ovpn,
2026-09-22T17:58:43.094422,828668,South Korea,FAILED,,Failed to load download page (Status: No response)
2026-09-22T17:58:43.663761,42666,Japan,SUCCESS,server_42666.ovpn,
2026-09-22T17:58:44.054898,249332,South Korea,SUCCESS,server_249332.ovpn,
2026-09-22T17:58:44.293759,462565,Japan,SUCCESS,server_462565.ovpn,
2026-09-22T17:58:47.496025,2085437,Japan,SUCCESS,server_2085437.ovpn,
2026-09-22T17:58:47.785790,128978,Japan,SUCCESS,server_128978.ovpn,
2026-09-22T17:58:49.813024,903304,Japan,SUCCESS,server_903304.ovpn,
2026-09-22T17:58:50.036283,903724,Japan,SUCCESS,server_903724.ovpn,
2026-09-22T17:58:50.207869,132967,Japan,SUCCESS,server_132967.ovpn,
2026-09-22T17:58:50.683486,852479,Japan,SUCCESS,server_852479.ovpn,
2026-09-22T17:58:52.199052,854753,Japan,SUCCESS,server_854753.ovpn,
2026-09-22T17:58:53.035170,44331,South Korea,SUCCESS,server_44331.ovpn,
2026-09-22T17:58:55.027977,480731,United Arab Emirates,SUCCESS,server_480731.ovpn,
2026-09-22T17:58:56.120758,99970,South Korea,SUCCESS,server_99970.ovpn,
2026-09-22T17:58:56.341736,385284,South Korea,SUCCESS,server_385284.ovpn,
2026-09-22T17:58:56.463096,2390660,Croatia (Hrvatska),SUCCESS,server_2390660.ovpn,
2026-09-22T17:58:57.003876,1129791,South Korea,SUCCESS,server_1129791.ovpn,
2026-09-22T17:58:57.635088,1125614,USA,SUCCESS,server_1125614.ovpn,
2026-09-22T17:58:59.692746,2268533,South Korea,SUCCESS,server_2268533.ovpn,
2026-09-22T17:59:02.164839,3119511,South Korea,SUCCESS,server_3119511.ovpn,
2026-09-22T17:59:02.192441,2153879,South Korea,SUCCESS,server_2153879.ovpn,
2026-09-22T17:59:02.407654,663968,South Korea,SUCCESS,server_663968.ovpn,
2026-09-22T17:59:02.837892,694880,South Korea,SUCCESS,server_694880.ovpn,
2026-09-22T17:59:04.513119,1568596,Japan,SUCCESS,server_1568596.ovpn,
2026-09-22T17:59:06.202873,1600695,South Korea,SUCCESS,server_1600695.ovpn,
2026-09-22T17:59:06.545829,1424492,Japan,SUCCESS,server_1424492.ovpn,
2026-09-22T17:59:07.733899,41198,Japan,SUCCESS,server_41198.ovpn,
2026-09-22T17:59:08.910057,903348,South Korea,SUCCESS,server_903348.ovpn,
2026-09-22T17:59:09.327880,2246661,Japan,SUCCESS,server_2246661.ovpn,
2026-09-22T17:59:10.664704,904212,Japan,SUCCESS,server_904212.ovpn,
2026-09-22T17:59:12.330605,823430,Japan,SUCCESS,server_823430.ovpn,
2026-09-22T17:59:12.432741,905606,USA,SUCCESS,server_905606.ovpn,
2026-09-22T17:59:12.948602,154010,South Korea,SUCCESS,server_154010.ovpn,
2026-09-22T17:59:14.439894,2240657,South Korea,SUCCESS,server_2240657.ovpn,
2026-09-22T17:59:15.156705,41350,Japan,SUCCESS,server_41350.ovpn,
2026-09-22T17:59:16.156927,43536,Japan,SUCCESS,server_43536.ovpn,
2026-09-22T17:59:18.064999,2208442,Japan,FAILED,,Failed to load download page (Status: No response)
2026-09-22T17:59:18.549933,879603,South Korea,SUCCESS,server_879603.ovpn,
2026-09-22T17:59:19.757850,81285,South Korea,SUCCESS,server_81285.ovpn,
2026-09-22T17:59:21.178477,718567,Japan,SUCCESS,server_718567.ovpn,
2026-09-22T17:59:21.617018,779970,South Korea,SUCCESS,server_779970.ovpn,
2026-09-22T17:59:22.060162,918348,South Korea,SUCCESS,server_918348.ovpn,
2026-09-22T17:59:24.547801,1997254,USA,SUCCESS,server_1997254.ovpn,
2026-09-22T17:59:25.291609,149354,Japan,SUCCESS,server_149354.ovpn,
2026-09-22T17:59:25.909663,188165,Bulgaria,SUCCESS,server_188165.ovpn,
2026-09-22T17:59:25.977891,893986,South Korea,SUCCESS,server_893986.ovpn,
2026-09-22T17:59:26.071573,1806523,Vietnam,SUCCESS,server_1806523.ovpn,
2026-09-22T17:59:28.449624,146272,Japan,SUCCESS,server_146272.ovpn,
2026-09-22T17:59:29.986076,48385,South Korea,SUCCESS,server_48385.ovpn,
2026-09-22T17:59:30.238067,138440,South Korea,SUCCESS,server_138440.ovpn,
2026-09-22T17:59:31.649683,1253118,Japan,FAILED,,Failed to load download page (Status: No response)
2026-09-22T17:59:31.891334,56538,Japan,SUCCESS,server_56538.ovpn,
2026-09-22T17:59:32.195677,137867,South Korea,SUCCESS,server_137867.ovpn,
2026-09-22T17:59:32.209404,3497612,Vietnam,SUCCESS,server_3497612.ovpn,
2026-09-22T17:59:34.577419,828292,Canada,SUCCESS,server_828292.ovpn,
2026-09-22T17:59:35.184499,2534075,South Korea,SUCCESS,server_2534075.ovpn,
2026-09-22T17:59:37.931384,71435,Japan,SUCCESS,server_71435.ovpn,
2026-09-22T17:59:39.039451,70855,Japan,SUCCESS,server_70855.ovpn,
2026-09-22T17:59:39.156670,3611761,UK,SUCCESS,server_3611761.ovpn,
2026-09-22T17:59:39.281651,480340,Japan,SUCCESS,server_480340.ovpn,
2026-09-22T17:59:40.262761,2550800,South Korea,SUCCESS,server_2550800.ovpn,
2026-09-22T17:59:43.645704,45899,Japan,SUCCESS,server_45899.ovpn,
2026-09-22T17:59:45.702691,44325,Japan,SUCCESS,server_44325.ovpn,
2026-09-22T17:59:46.035427,53587,Japan,SUCCESS,server_53587.ovpn,
2026-09-22T17:59:46.063519,78853,Japan,SUCCESS,server_78853.ovpn,
2026-09-22T17:59:46.462640,836015,South Korea,SUCCESS,server_836015.ovpn,
2026-09-22T17:59:48.114681,704559,South Korea,SUCCESS,server_704559.ovpn,
2026-09-22T17:59:50.106366,47674,Japan,SUCCESS,server_47674.ovpn,
2026-09-22T17:59:51.494640,138301,South Korea,SUCCESS,server_138301.ovpn,
2026-09-22T17:59:51.635378,861199,Japan,SUCCESS,server_861199.ovpn,
2026-09-22T17:59:51.709449,878295,South Korea,SUCCESS,server_878295.ovpn,
2026-09-22T17:59:51.792107,918255,Japan,SUCCESS,server_918255.ovpn,
2026-09-22T17:59:53.204544,129586,Brazil,SUCCESS,server_129586.ovpn,
2026-09-22T17:59:55.177698,300733,Japan,SUCCESS,server_300733.ovpn,
2026-09-22T17:59:57.542082,1561259,Japan,SUCCESS,server_1561259.ovpn,
2026-09-22T17:59:57.926432,3087799,USA,SUCCESS,server_3087799.ovpn,
2026-09-22T17:59:58.452221,1592031,South Korea,SUCCESS,server_1592031.ovpn,
2026-09-22T17:59:58.530133,832978,South Korea,SUCCESS,server_832978.ovpn,
2026-09-22T17:59:58.604165,54220,Japan,SUCCESS,server_54220.ovpn,
2026-09-22T18:00:01.619523,53483,Japan,SUCCESS,server_53483.ovpn,
2026-09-22T18:00:05.860462,132962,South Korea,SUCCESS,server_132962.ovpn,
2026-09-22T18:00:05.915041,120412,Japan,SUCCESS,server_120412.ovpn,
2026-09-22T18:00:07.320095,160590,Finland,SUCCESS,server_160590.ovpn,
2026-09-22T18:00:07.801312,67354,Japan,SUCCESS,server_67354.ovpn,
2026-09-22T18:00:08.439169,712314,South Korea,SUCCESS,server_712314.ovpn,
2026-09-22T18:00:08.944535,1238238,Russia,SUCCESS,server_1238238.ovpn,
2026-09-22T18:00:11.966183,2479851,Japan,SUCCESS,server_2479851.ovpn,
2026-09-22T18:00:13.452437,311038,Japan,SUCCESS,server_311038.ovpn,
2026-09-22T18:00:13.949367,752526,Japan,SUCCESS,server_752526.ovpn,
2026-09-22T18:00:14.980401,303309,South Korea,SUCCESS,server_303309.ovpn,
2026-09-22T18:00:15.593194,877858,South Korea,SUCCESS,server_877858.ovpn,
2026-09-22T18:00:17.437486,1546333,Japan,SUCCESS,server_1546333.ovpn,
2026-09-22T18:00:18.364308,335961,Japan,SUCCESS,server_335961.ovpn,
2026-09-22T18:00:19.651399,44780,Japan,SUCCESS,server_44780.ovpn,
2026-09-22T18:00:20.160339,61121,Japan,SUCCESS,server_61121.ovpn,
2026-09-22T18:00:21.107151,847939,Japan,SUCCESS,server_847939.ovpn,
2026-09-22T18:00:21.588374,918335,Japan,SUCCESS,server_918335.ovpn,
2026-09-22T18:00:23.030347,918235,USA,SUCCESS,server_918235.ovpn,
2026-09-22T18:00:24.646152,1557467,Japan,SUCCESS,server_1557467.ovpn,
2026-09-22T18:00:24.971692,1872765,South Korea,SUCCESS,server_1872765.ovpn,
2026-09-22T18:00:26.987283,53137,South Korea,SUCCESS,server_53137.ovpn,
2026-09-22T18:00:27.944012,71365,South Korea,SUCCESS,server_71365.ovpn,
2026-09-22T18:00:28.311801,1553788,South Korea,SUCCESS,server_1553788.ovpn,
2026-09-22T18:00:29.063156,1981389,Japan,SUCCESS,server_1981389.ovpn,
2026-09-22T18:00:30.830637,378942,South Korea,SUCCESS,server_378942.ovpn,
2026-09-22T18:00:32.289561,182434,Japan,SUCCESS,server_182434.ovpn,
2026-09-22T18:00:33.928341,100219,South Korea,SUCCESS,server_100219.ovpn,
2026-09-22T18:00:34.081232,2133137,Japan,SUCCESS,server_2133137.ovpn,
2026-09-22T18:00:34.851303,1042546,Japan,SUCCESS,server_1042546.ovpn,
2026-09-22T18:00:35.123423,148529,USA,SUCCESS,server_148529.ovpn,
2026-09-22T18:00:35.202984,649973,Croatia (Hrvatska),SUCCESS,server_649973.ovpn,
2026-09-22T18:00:39.476253,54217,Japan,SUCCESS,server_54217.ovpn,
2026-09-22T18:00:40.421049,88057,Japan,SUCCESS,server_88057.ovpn,
2026-09-22T18:00:40.887851,920093,Bulgaria,SUCCESS,server_920093.ovpn,
2026-09-22T18:00:42.506206,42003,Japan,SUCCESS,server_42003.ovpn,
2026-09-22T18:00:43.341025,261724,Japan,SUCCESS,server_261724.ovpn,
2026-09-22T18:00:45.088334,3087813,Japan,SUCCESS,server_3087813.ovpn,
2026-09-22T18:00:48.880974,1064549,Japan,SUCCESS,server_1064549.ovpn,
2026-09-22T18:00:49.197777,123155,South Korea,SUCCESS,server_123155.ovpn,
2026-09-22T18:00:49.384434,1832998,South Korea,SUCCESS,server_1832998.ovpn,
2026-09-22T18:00:50.234169,1174979,South Korea,SUCCESS,server_1174979.ovpn,
2026-09-22T18:00:51.211201,57063,Japan,SUCCESS,server_57063.ovpn,
2026-09-22T18:00:51.892224,3681342,Japan,SUCCESS,server_3681342.ovpn,
2026-09-22T18:00:53.256277,1550974,South Korea,SUCCESS,server_1550974.ovpn,
2026-09-22T18:00:54.468158,661438,Croatia (Hrvatska),SUCCESS,server_661438.ovpn,
2026-09-22T18:00:56.569684,75023,USA,SUCCESS,server_75023.ovpn,
2026-09-22T18:00:56.628713,1381662,South Korea,SUCCESS,server_1381662.ovpn,
2026-09-22T18:00:56.935398,2295682,South Korea,FAILED,,Failed to load download page (Status: No response)
2026-09-22T18:00:58.190802,43706,Japan,SUCCESS,server_43706.ovpn,
2026-09-22T18:00:58.439107,41435,Japan,SUCCESS,server_41435.ovpn,
2026-09-22T18:01:03.175012,842091,Japan,SUCCESS,server_842091.ovpn,
2026-09-22T18:01:03.455012,879902,USA,SUCCESS,server_879902.ovpn,
2026-09-22T18:01:04.299107,2105928,USA,SUCCESS,server_2105928.ovpn,
2026-09-22T18:01:05.813777,2517043,Japan,SUCCESS,server_2517043.ovpn,
2026-09-22T18:01:05.987962,1480536,South Korea,SUCCESS,server_1480536.ovpn,
2026-09-22T18:01:06.028786,2423755,USA,SUCCESS,server_2423755.ovpn,
2026-09-22T18:01:11.481158,282591,South Korea,SUCCESS,server_282591.ovpn,
2026-09-22T18:01:12.193536,1141640,Japan,SUCCESS,server_1141640.ovpn,
2026-09-22T18:01:12.451932,1643607,South Korea,SUCCESS,server_1643607.ovpn,
2026-09-22T18:01:13.090906,56837,South Korea,SUCCESS,server_56837.ovpn,
2026-09-22T18:01:13.175521,862759,USA,SUCCESS,server_862759.ovpn,
2026-09-22T18:01:13.289992,3112909,Japan,SUCCESS,server_3112909.ovpn,
2026-09-22T18:01:18.159918,910065,South Korea,SUCCESS,server_910065.ovpn,
2026-09-22T18:01:18.711921,81859,Japan,SUCCESS,server_81859.ovpn,
2026-09-22T18:01:20.273859,1945310,Japan,SUCCESS,server_1945310.ovpn,
2026-09-22T18:01:20.325443,68916,Japan,SUCCESS,server_68916.ovpn,
2026-09-22T18:01:20.678869,480652,Japan,SUCCESS,server_480652.ovpn,
2026-09-22T18:01:20.979543,45837,South Korea,SUCCESS,server_45837.ovpn,
2026-09-22T18:01:23.833947,133338,Japan,SUCCESS,server_133338.ovpn,
2026-09-22T18:01:24.176910,849830,South Korea,SUCCESS,server_849830.ovpn,
2026-09-22T18:01:25.176049,126070,Netherlands,SUCCESS,server_126070.ovpn,
2026-09-22T18:01:28.235508,1924534,Japan,SUCCESS,server_1924534.ovpn,
2026-09-22T18:01:29.257126,840683,Japan,SUCCESS,server_840683.ovpn,
2026-09-22T18:01:29.456551,59080,Japan,SUCCESS,server_59080.ovpn,
2026-09-22T18:01:30.512260,47411,South Korea,FAILED,,Failed to load download page (Status: No response)
2026-09-22T18:01:32.057177,1942502,Japan,SUCCESS,server_1942502.ovpn,
2026-09-22T18:01:32.273786,41699,Japan,SUCCESS,server_41699.ovpn,
2026-09-22T18:01:36.554434,419930,Japan,SUCCESS,server_419930.ovpn,
2026-09-22T18:01:37.848861,46817,South Korea,SUCCESS,server_46817.ovpn,
2026-09-22T18:01:38.321780,85431,Japan,SUCCESS,server_85431.ovpn,
2026-09-22T18:01:39.779498,2184632,South Korea,SUCCESS,server_2184632.ovpn,
2026-09-22T18:01:41.537649,1861354,Japan,SUCCESS,server_1861354.ovpn,
2026-09-22T18:01:42.350783,775564,South Korea,SUCCESS,server_775564.ovpn,
2026-09-22T18:01:46.888468,1367281,South Korea,SUCCESS,server_1367281.ovpn,
2026-09-22T18:01:47.664485,733982,South Korea,SUCCESS,server_733982.ovpn,
2026-09-22T18:01:48.364435,3694654,Japan,SUCCESS,server_3694654.ovpn,
2026-09-22T18:01:49.179778,43305,Japan,SUCCESS,server_43305.ovpn,
2026-09-22T18:01:51.787614,1355578,Japan,SUCCESS,server_1355578.ovpn,
2026-09-22T18:01:52.074677,1433024,Japan,SUCCESS,server_1433024.ovpn,
2026-09-22T18:01:55.269719,71747,Japan,SUCCESS,server_71747.ovpn,
2026-09-22T18:01:56.889397,2216397,South Korea,SUCCESS,server_2216397.ovpn,
2026-09-22T18:01:56.978496,133671,South Korea,SUCCESS,server_133671.ovpn,
2026-09-22T18:01:57.242363,88696,Japan,SUCCESS,server_88696.ovpn,
2026-09-22T18:02:02.170623,752516,Japan,SUCCESS,server_752516.ovpn,
2026-09-22T18:02:03.446639,78774,Japan,SUCCESS,server_78774.ovpn,
2026-09-22T18:02:03.484654,853504,Japan,SUCCESS,server_853504.ovpn,
2026-09-22T18:02:04.925577,917532,UK,SUCCESS,server_917532.ovpn,
2026-09-22T18:02:05.281637,51909,South Korea,SUCCESS,server_51909.ovpn,
2026-09-22T18:02:06.805283,944215,South Korea,SUCCESS,server_944215.ovpn,
2026-09-22T18:02:09.128571,157471,South Korea,SUCCESS,server_157471.ovpn,
2026-09-22T18:02:09.405741,1272159,Japan,FAILED,,Failed to load download page (Status: No response)
2026-09-22T18:02:10.775495,747539,Japan,SUCCESS,server_747539.ovpn,
2026-09-22T18:02:11.128579,71443,Japan,SUCCESS,server_71443.ovpn,
2026-09-22T18:02:11.824307,1657425,South Korea,SUCCESS,server_1657425.ovpn,
2026-09-22T18:02:13.427198,752539,South Korea,SUCCESS,server_752539.ovpn,
2026-09-22T18:02:14.753317,951853,Japan,SUCCESS,server_951853.ovpn,
2026-09-22T18:02:16.892439,319732,Japan,SUCCESS,server_319732.ovpn,
2026-09-22T18:02:19.840267,69228,South Korea,SUCCESS,server_69228.ovpn,
2026-09-22T18:02:20.373318,1493925,USA,SUCCESS,server_1493925.ovpn,
2026-09-22T18:02:21.657513,56911,South Korea,SUCCESS,server_56911.ovpn,
2026-09-22T18:02:21.831252,112164,Japan,SUCCESS,server_112164.ovpn,
2026-09-22T18:02:24.300187,148527,France,SUCCESS,server_148527.ovpn,
2026-09-22T18:02:25.893709,834283,South Korea,SUCCESS,server_834283.ovpn,
2026-09-22T18:02:26.814208,845406,Japan,SUCCESS,server_845406.ovpn,
2026-09-22T18:02:29.429361,866305,USA,SUCCESS,server_866305.ovpn,
2026-09-22T18:02:29.606558,3229974,South Korea,SUCCESS,server_3229974.ovpn,
2026-09-22T18:02:30.128494,2638302,Japan,SUCCESS,server_2638302.ovpn,
2026-09-22T18:02:32.289164,100732,Japan,SUCCESS,server_100732.ovpn,
2026-09-22T18:02:33.999305,91565,Japan,SUCCESS,server_91565.ovpn,
2026-09-22T18:02:34.920521,2994487,Japan,SUCCESS,server_2994487.ovpn,
2026-09-22T18:02:36.717341,137007,Japan,SUCCESS,server_137007.ovpn,
2026-09-22T18:02:37.283468,68478,Japan,SUCCESS,server_68478.ovpn,
2026-09-22T18:02:37.897075,65655,Japan,SUCCESS,server_65655.ovpn,
2026-09-22T18:02:38.548521,99716,South Korea,SUCCESS,server_99716.ovpn,
2026-09-22T18:02:39.309078,950271,Japan,SUCCESS,server_950271.ovpn,
2026-09-22T18:02:41.031055,59367,Japan,SUCCESS,server_59367.ovpn,
2026-09-22T18:02:44.070233,787134,Japan,SUCCESS,server_787134.ovpn,
2026-09-22T18:02:44.693254,1368736,Japan,SUCCESS,server_1368736.ovpn,
2026-09-22T18:02:44.983313,1754002,Japan,SUCCESS,server_1754002.ovpn,
2026-09-22T18:02:45.990928,1662857,Japan,SUCCESS,server_1662857.ovpn,
2026-09-22T18:02:47.353458,422676,Japan,SUCCESS,server_422676.ovpn,
2026-09-22T18:02:48.871037,1882656,Japan,SUCCESS,server_1882656.ovpn,
2026-09-22T18:02:49.073290,873446,South Korea,SUCCESS,server_873446.ovpn,
2026-09-22T18:02:51.453171,799937,Japan,SUCCESS,server_799937.ovpn,
2026-09-22T18:02:53.870089,113703,Japan,SUCCESS,server_113703.ovpn,
2026-09-22T18:02:55.743166,2120085,South Korea,SUCCESS,server_2120085.ovpn,
2026-09-22T18:02:56.271885,112087,South Korea,SUCCESS,server_112087.ovpn,
2026-09-22T18:02:57.061262,800844,South Korea,SUCCESS,server_800844.ovpn,
2026-09-22T18:02:58.863053,665091,South Korea,SUCCESS,server_665091.ovpn,
2026-09-22T18:03:02.436902,83990,Japan,SUCCESS,server_83990.ovpn,
2026-09-22T18:03:04.910146,1876013,USA,SUCCESS,server_1876013.ovpn,
2026-09-22T18:03:05.832259,2868327,Japan,SUCCESS,server_2868327.ovpn,
2026-09-22T18:03:06.656083,3527968,South Korea,SUCCESS,server_3527968.ovpn,
2026-09-22T18:03:07.115244,1064526,Japan,SUCCESS,server_1064526.ovpn,
2026-09-22T18:03:07.385879,44117,Japan,SUCCESS,server_44117.ovpn,
2026-09-22T18:03:09.828878,78811,South Korea,SUCCESS,server_78811.ovpn,
2026-09-22T18:03:12.152213,1420196,South Korea,SUCCESS,server_1420196.ovpn,
2026-09-22T18:03:13.988103,355458,UK,SUCCESS,server_355458.ovpn,
2026-09-22T18:03:14.088961,880490,USA,SUCCESS,server_880490.ovpn,
2026-09-22T18:03:14.821791,786201,South Korea,SUCCESS,server_786201.ovpn,
2026-09-22T18:03:15.087962,1990215,Japan,SUCCESS,server_1990215.ovpn,
2026-09-22T18:03:16.330977,2017280,Japan,SUCCESS,server_2017280.ovpn,
2026-09-22T18:03:17.834123,777454,South Korea,SUCCESS,server_777454.ovpn,
2026-09-22T18:03:20.642551,58430,South Korea,SUCCESS,server_58430.ovpn,
2026-09-22T18:03:20.891725,425274,Japan,SUCCESS,server_425274.ovpn,
2026-09-22T18:03:21.059007,927266,South Korea,SUCCESS,server_927266.ovpn,
2026-09-22T18:03:21.389101,54264,South Korea,SUCCESS,server_54264.ovpn,
2026-09-22T18:03:21.425806,41917,Japan,SUCCESS,server_41917.ovpn,
2026-09-22T18:03:23.064034,61630,Japan,SUCCESS,server_61630.ovpn,
2026-09-22T18:03:26.364553,80776,Japan,FAILED,,Failed to load download page (Status: No response)
2026-09-22T18:03:26.388139,55120,South Korea,SUCCESS,server_55120.ovpn,
2026-09-22T18:03:26.948013,151341,Netherlands,SUCCESS,server_151341.ovpn,
2026-09-22T18:03:27.176165,100192,Japan,SUCCESS,server_100192.ovpn,
2026-09-22T18:03:27.237729,1943468,Croatia (Hrvatska),SUCCESS,server_1943468.ovpn,
2026-09-22T18:03:28.343035,154021,Japan,SUCCESS,server_154021.ovpn,
2026-09-22T18:03:32.850118,1736247,Japan,SUCCESS,server_1736247.ovpn,
2026-09-22T18:03:33.375760,745423,South Korea,SUCCESS,server_745423.ovpn,
2026-09-22T18:03:33.737970,66472,Japan,SUCCESS,server_66472.ovpn,
2026-09-22T18:03:34.147919,879218,Japan,SUCCESS,server_879218.ovpn,
2026-09-22T18:03:34.247696,3483554,Japan,SUCCESS,server_3483554.ovpn,
2026-09-22T18:03:34.384922,92983,Japan,SUCCESS,server_92983.ovpn,
2026-09-22T18:03:38.957830,61628,South Korea,SUCCESS,server_61628.ovpn,
2026-09-22T18:03:39.018335,2685038,Japan,SUCCESS,server_2685038.ovpn,
2026-09-22T18:03:39.053775,2313387,Japan,SUCCESS,server_2313387.ovpn,
2026-09-22T18:03:39.759612,911206,Japan,SUCCESS,server_911206.ovpn,
2026-09-22T18:03:40.072732,843244,South Korea,SUCCESS,server_843244.ovpn,
2026-09-22T18:03:40.997767,41173,Japan,SUCCESS,server_41173.ovpn,
2026-09-22T18:03:43.269909,147309,South Korea,SUCCESS,server_147309.ovpn,
2026-09-22T18:03:44.445464,72668,Japan,SUCCESS,server_72668.ovpn,
2026-09-22T18:03:45.202328,1347322,Japan,SUCCESS,server_1347322.ovpn,
2026-09-22T18:03:45.722783,51675,Japan,SUCCESS,server_51675.ovpn,
2026-09-22T18:03:45.831386,58388,Japan,SUCCESS,server_58388.ovpn,
2026-09-22T18:03:46.480838,918330,Japan,SUCCESS,server_918330.ovpn,
2026-09-22T18:03:48.284918,343100,South Korea,SUCCESS,server_343100.ovpn,
2026-09-22T18:03:50.152794,752517,South Korea,SUCCESS,server_752517.ovpn,
2026-09-22T18:03:50.353550,653359,Japan,SUCCESS,server_653359.ovpn,
2026-09-22T18:03:51.678638,1168451,Japan,SUCCESS,server_1168451.ovpn,
2026-09-22T18:03:52.047968,1859308,Netherlands,FAILED,,Failed to load download page (Status: No response)
2026-09-22T18:03:52.738031,102577,South Korea,SUCCESS,server_102577.ovpn,
2026-09-22T18:03:52.918756,51672,Japan,SUCCESS,server_51672.ovpn,
2026-09-22T18:03:54.832426,46728,Japan,SUCCESS,server_46728.ovpn,
2026-09-22T18:03:55.887697,67190,Japan,SUCCESS,server_67190.ovpn,
2026-09-22T18:03:57.122811,2027824,South Korea,SUCCESS,server_2027824.ovpn,
2026-09-22T18:03:57.295274,1881126,Japan,SUCCESS,server_1881126.ovpn,
2026-09-22T18:03:58.755487,57782,Japan,SUCCESS,server_57782.ovpn,
2026-09-22T18:03:59.952660,633710,Japan,SUCCESS,server_633710.ovpn,
2026-09-22T18:04:01.999798,1968614,South Korea,SUCCESS,server_1968614.ovpn,
2026-09-22T18:04:02.272548,1400015,South Korea,SUCCESS,server_1400015.ovpn,
2026-09-22T18:04:03.280797,859307,Japan,SUCCESS,server_859307.ovpn,
2026-09-22T18:04:04.558717,881302,South Korea,SUCCESS,server_881302.ovpn,
2026-09-22T18:04:05.989643,3629145,Japan,SUCCESS,server_3629145.ovpn,
2026-09-22T18:04:06.391418,65238,Japan,SUCCESS,server_65238.ovpn,
2026-09-22T18:04:08.164702,72963,Japan,SUCCESS,server_72963.ovpn,
2026-09-22T18:04:08.277488,2412092,South Korea,SUCCESS,server_2412092.ovpn,
2026-09-22T18:04:08.298022,2039234,Mexico,SUCCESS,server_2039234.ovpn,
2026-09-22T18:04:10.013782,2434128,South Korea,SUCCESS,server_2434128.ovpn,
2026-09-22T18:04:11.907587,1175074,South Korea,SUCCESS,server_1175074.ovpn,
2026-09-22T18:04:12.627615,1414284,South Korea,SUCCESS,server_1414284.ovpn,
2026-09-22T18:04:14.199502,739920,South Korea,SUCCESS,server_739920.ovpn,
2026-09-22T18:04:14.371349,79932,Japan,SUCCESS,server_79932.ovpn,
2026-09-22T18:04:14.899423,981918,South Korea,SUCCESS,server_981918.ovpn,
2026-09-22T18:04:15.343628,903168,Japan,SUCCESS,server_903168.ovpn,
2026-09-22T18:04:17.917298,1891056,Japan,SUCCESS,server_1891056.ovpn,
2026-09-22T18:04:19.128293,2120092,Japan,SUCCESS,server_2120092.ovpn,
2026-09-22T18:04:19.402919,905647,South Korea,SUCCESS,server_905647.ovpn,
2026-09-22T18:04:21.297232,3587487,South Korea,SUCCESS,server_3587487.ovpn,
2026-09-22T18:04:21.457240,1624192,South Korea,SUCCESS,server_1624192.ovpn,
2026-09-22T18:04:22.084728,100124,Japan,SUCCESS,server_100124.ovpn,
2026-09-22T18:04:24.262537,918102,USA,SUCCESS,server_918102.ovpn,
2026-09-22T18:04:25.614560,2202445,Japan,SUCCESS,server_2202445.ovpn,
2026-09-22T18:04:25.812531,61657,Japan,SUCCESS,server_61657.ovpn,
2026-09-22T18:04:26.097306,1676720,Russia,SUCCESS,server_1676720.ovpn,
2026-09-22T18:04:26.761811,46414,South Korea,SUCCESS,server_46414.ovpn,
2026-09-22T18:04:27.906630,1257884,South Korea,SUCCESS,server_1257884.ovpn,
2026-09-22T18:04:30.053583,1377576,Japan,SUCCESS,server_1377576.ovpn,
2026-09-22T18:04:31.756304,137390,USA,SUCCESS,server_137390.ovpn,
2026-09-22T18:04:31.910200,1797345,South Korea,SUCCESS,server_1797345.ovpn,
2026-09-22T18:04:32.209171,2402006,South Korea,SUCCESS,server_2402006.ovpn,
2026-09-22T18:04:33.004571,46367,Japan,SUCCESS,server_46367.ovpn,
2026-09-22T18:04:33.555268,126322,Japan,SUCCESS,server_126322.ovpn,
2026-09-22T18:04:35.519763,74660,Japan,SUCCESS,server_74660.ovpn,
2026-09-22T18:04:36.427621,940917,Japan,SUCCESS,server_940917.ovpn,
2026-09-22T18:04:36.863295,1499244,USA,SUCCESS,server_1499244.ovpn,
2026-09-22T18:04:37.758484,1654644,Japan,SUCCESS,server_1654644.ovpn,
2026-09-22T18:04:40.238083,46576,Japan,SUCCESS,server_46576.ovpn,
2026-09-22T18:04:41.472653,377140,Japan,SUCCESS,server_377140.ovpn,
2026-09-22T18:04:43.752573,944057,Japan,SUCCESS,server_944057.ovpn,
2026-09-22T18:04:44.324962,1626075,Japan,SUCCESS,server_1626075.ovpn,
2026-09-22T18:04:45.134263,133961,South Korea,SUCCESS,server_133961.ovpn,
2026-09-22T18:04:45.643284,480430,South Korea,SUCCESS,server_480430.ovpn,
2026-09-22T18:04:46.448103,1912789,Japan,SUCCESS,server_1912789.ovpn,
2026-09-22T18:04:47.044257,879214,Japan,SUCCESS,server_879214.ovpn,
2026-09-22T18:04:48.339406,132355,Japan,SUCCESS,server_132355.ovpn,
2026-09-22T18:04:50.118706,47700,South Korea,SUCCESS,server_47700.ovpn,
2026-09-22T18:04:50.132755,121229,Japan,SUCCESS,server_121229.ovpn,
2026-09-22T18:04:50.737071,101341,South Korea,SUCCESS,server_101341.ovpn,
2026-09-22T18:04:51.112422,1515446,South Korea,SUCCESS,server_1515446.ovpn,
2026-09-22T18:04:52.242141,48061,South Korea,SUCCESS,server_48061.ovpn,
2026-09-22T18:04:53.305113,224343,Japan,SUCCESS,server_224343.ovpn,
2026-09-22T18:04:55.534308,2101988,Japan,SUCCESS,server_2101988.ovpn,
2026-09-22T18:04:57.040117,2280939,South Korea,SUCCESS,server_2280939.ovpn,
2026-09-22T18:04:57.075111,2195372,Japan,SUCCESS,server_2195372.ovpn,
2026-09-22T18:04:57.688894,3259814,Japan,SUCCESS,server_3259814.ovpn,
2026-09-22T18:04:58.771277,51968,Japan,SUCCESS,server_51968.ovpn,
2026-09-22T18:04:59.771146,42026,South Korea,SUCCESS,server_42026.ovpn,
2026-09-22T18:05:02.002262,268783,South Korea,SUCCESS,server_268783.ovpn,
2026-09-22T18:05:02.949823,1830939,Japan,SUCCESS,server_1830939.ovpn,
2026-09-22T18:05:03.361975,953139,South Korea,SUCCESS,server_953139.ovpn,
2026-09-22T18:05:04.139109,73201,Japan,SUCCESS,server_73201.ovpn,
2026-09-22T18:05:05.189287,1954577,USA,SUCCESS,server_1954577.ovpn,
2026-09-22T18:05:05.844236,66331,Japan,SUCCESS,server_66331.ovpn,
2026-09-22T18:05:06.851215,268788,Japan,SUCCESS,server_268788.ovpn,
2026-09-22T18:05:08.189784,110854,Japan,SUCCESS,server_110854.ovpn,
2026-09-22T18:05:09.993201,1991483,South Korea,SUCCESS,server_1991483.ovpn,
2026-09-22T18:05:11.248475,48045,South Korea,FAILED,,Failed to load download page (Status: No response)
2026-09-22T18:05:11.858907,61912,Japan,SUCCESS,server_61912.ovpn,
2026-09-22T18:05:12.752832,132082,South Korea,SUCCESS,server_132082.ovpn,
2026-09-22T18:05:13.693825,1127603,South Korea,SUCCESS,server_1127603.ovpn,
2026-09-22T18:05:14.846450,143372,Japan,SUCCESS,server_143372.ovpn,
2026-09-22T18:05:17.530802,53228,Japan,SUCCESS,server_53228.ovpn,
2026-09-22T18:05:18.048702,60078,Japan,SUCCESS,server_60078.ovpn,
2026-09-22T18:05:19.005165,1081681,Japan,SUCCESS,server_1081681.ovpn,
2026-09-22T18:05:19.890739,1595778,Japan,SUCCESS,server_1595778.ovpn,
2026-09-22T18:05:20.327977,1928670,France,SUCCESS,server_1928670.ovpn,
2026-09-22T18:05:21.634185,694911,Japan,SUCCESS,server_694911.ovpn,
2026-09-22T18:05:24.915086,2313391,Japan,SUCCESS,server_2313391.ovpn,
2026-09-22T18:05:25.051779,62196,Philippines,SUCCESS,server_62196.ovpn,
2026-09-22T18:05:27.062892,148391,Japan,SUCCESS,server_148391.ovpn,
2026-09-22T18:05:27.220178,918116,Japan,SUCCESS,server_918116.ovpn,
2026-09-22T18:05:29.201098,79929,Japan,SUCCESS,server_79929.ovpn,
2026-09-22T18:05:29.422678,121226,Japan,SUCCESS,server_121226.ovpn,
2026-09-22T18:05:31.178872,633685,Japan,SUCCESS,server_633685.ovpn,
2026-09-22T18:05:32.600151,1624352,South Korea,SUCCESS,server_1624352.ovpn,
2026-09-22T18:05:33.628033,1965729,South Korea,SUCCESS,server_1965729.ovpn,
2026-09-22T18:05:34.992248,1858204,South Korea,FAILED,,Failed to load download page (Status: No response)
2026-09-22T18:05:35.088952,987568,Japan,SUCCESS,server_987568.ovpn,
2026-09-22T18:05:35.802763,1551001,South Korea,SUCCESS,server_1551001.ovpn,
2026-09-22T18:05:36.152060,898428,South Korea,SUCCESS,server_898428.ovpn,
2026-09-22T18:05:38.830584,165076,South Korea,SUCCESS,server_165076.ovpn,
2026-09-22T18:05:39.971648,2251639,Japan,SUCCESS,server_2251639.ovpn,
2026-09-22T18:05:41.379128,47828,Japan,SUCCESS,server_47828.ovpn,
2026-09-22T18:05:44.097569,1992666,Japan,SUCCESS,server_1992666.ovpn,
2026-09-22T18:05:45.089057,202115,Canada,SUCCESS,server_202115.ovpn,
2026-09-22T18:05:45.553933,1511675,Japan,SUCCESS,server_1511675.ovpn,
2026-09-22T18:05:46.372738,429650,South Korea,SUCCESS,server_429650.ovpn,
2026-09-22T18:05:48.085791,740582,South Korea,SUCCESS,server_740582.ovpn,
2026-09-22T18:05:48.270698,2259967,South Korea,SUCCESS,server_2259967.ovpn,
2026-09-22T18:05:51.833787,104040,Japan,SUCCESS,server_104040.ovpn,
2026-09-22T18:05:52.330859,287176,Japan,SUCCESS,server_287176.ovpn,
2026-09-22T18:05:52.375681,80937,Japan,SUCCESS,server_80937.ovpn,
2026-09-22T18:05:54.841841,719431,South Korea,SUCCESS,server_719431.ovpn,
2026-09-22T18:05:56.063744,913113,South Korea,SUCCESS,server_913113.ovpn,
2026-09-22T18:05:56.207555,126347,Japan,SUCCESS,server_126347.ovpn,
2026-09-22T18:05:58.971650,157475,Thailand,SUCCESS,server_157475.ovpn,
2026-09-22T18:05:59.202287,1140755,South Korea,SUCCESS,server_1140755.ovpn,
2026-09-22T18:05:59.866549,100474,Japan,SUCCESS,server_100474.ovpn,
2026-09-22T18:06:00.763500,918774,Japan,SUCCESS,server_918774.ovpn,
2026-09-22T18:06:01.349381,1573147,South Korea,SUCCESS,server_1573147.ovpn,
2026-09-22T18:06:02.306834,106065,South Korea,SUCCESS,server_106065.ovpn,
2026-09-22T18:06:05.034545,2271700,Japan,SUCCESS,server_2271700.ovpn,
2026-09-22T18:06:05.582540,969267,Japan,SUCCESS,server_969267.ovpn,
2026-09-22T18:06:06.675604,41207,South Korea,SUCCESS,server_41207.ovpn,
2026-09-22T18:06:07.400154,1598751,Japan,SUCCESS,server_1598751.ovpn,
2026-09-22T18:06:08.197561,2287446,South Korea,SUCCESS,server_2287446.ovpn,
2026-09-22T18:06:08.444782,957106,Japan,SUCCESS,server_957106.ovpn,
2026-09-22T18:06:10.899600,68730,Japan,SUCCESS,server_68730.ovpn,
2026-09-22T18:06:12.164454,1610048,Japan,SUCCESS,server_1610048.ovpn,
2026-09-22T18:06:14.132386,1912757,Japan,SUCCESS,server_1912757.ovpn,
2026-09-22T18:06:15.537850,358159,Japan,SUCCESS,server_358159.ovpn,
2026-09-22T18:06:16.557920,981801,Japan,SUCCESS,server_981801.ovpn,
2026-09-22T18:06:17.177323,42649,Japan,SUCCESS,server_42649.ovpn,
2026-09-22T18:06:17.509567,379873,Japan,SUCCESS,server_379873.ovpn,
2026-09-22T18:06:19.985636,712278,Japan,SUCCESS,server_712278.ovpn,
2026-09-22T18:06:20.213613,1643579,Japan,SUCCESS,server_1643579.ovpn,
2026-09-22T18:06:21.510600,917162,Japan,SUCCESS,server_917162.ovpn,
2026-09-22T18:06:24.486385,975128,Japan,SUCCESS,server_975128.ovpn,
2026-09-22T18:06:24.699622,130059,Japan,SUCCESS,server_130059.ovpn,
2026-09-22T18:06:26.064497,2960975,South Korea,SUCCESS,server_2960975.ovpn,
2026-09-22T18:06:27.445286,111857,Japan,SUCCESS,server_111857.ovpn,
2026-09-22T18:06:27.809970,2668173,Japan,SUCCESS,server_2668173.ovpn,
2026-09-22T18:06:27.921518,48343,Japan,SUCCESS,server_48343.ovpn,
2026-09-22T18:06:30.144330,45864,Japan,SUCCESS,server_45864.ovpn,
2026-09-22T18:06:30.173300,1416034,South Korea,SUCCESS,server_1416034.ovpn,
2026-09-22T18:06:32.082674,480094,South Korea,SUCCESS,server_480094.ovpn,
2026-09-22T18:06:33.523668,2038351,Japan,SUCCESS,server_2038351.ovpn,
2026-09-22T18:06:34.099456,71735,Japan,SUCCESS,server_71735.ovpn,
2026-09-22T18:06:34.694536,759240,Japan,SUCCESS,server_759240.ovpn,
2026-09-22T18:06:35.940591,3112908,Japan,SUCCESS,server_3112908.ovpn,
2026-09-22T18:06:36.389569,61726,South Korea,SUCCESS,server_61726.ovpn,
2026-09-22T18:06:39.203820,763288,Japan,SUCCESS,server_763288.ovpn,
2026-09-22T18:06:39.589743,2571943,South Korea,SUCCESS,server_2571943.ovpn,
2026-09-22T18:06:39.615790,2153848,South Korea,FAILED,,Failed to load download page (Status: No response)
2026-09-22T18:06:41.940375,48510,Japan,FAILED,,Failed to load download page (Status: No response)
2026-09-22T18:06:41.979346,740609,Japan,SUCCESS,server_740609.ovpn,
2026-09-22T18:06:43.438506,43725,Japan,SUCCESS,server_43725.ovpn,
2026-09-22T18:06:46.618725,800869,Japan,SUCCESS,server_800869.ovpn,
2026-09-22T18:06:49.239727,1621672,Japan,SUCCESS,server_1621672.ovpn,
2026-09-22T18:06:49.392069,149176,South Korea,SUCCESS,server_149176.ovpn,
2026-09-22T18:06:50.032039,1985472,Japan,SUCCESS,server_1985472.ovpn,
2026-09-22T18:06:50.871058,877886,South Korea,SUCCESS,server_877886.ovpn,
2026-09-22T18:06:52.319404,1069017,Japan,SUCCESS,server_1069017.ovpn,
2026-09-22T18:06:54.249239,3524901,Japan,SUCCESS,server_3524901.ovpn,
2026-09-22T18:06:54.866180,1799249,UK,SUCCESS,server_1799249.ovpn,
2026-09-22T18:06:57.694206,57068,Japan,SUCCESS,server_57068.ovpn,
2026-09-22T18:06:57.921824,1624184,Japan,FAILED,,Failed to load download page (Status: No response)
2026-09-22T18:06:59.267410,97939,Japan,SUCCESS,server_97939.ovpn,
2026-09-22T18:06:59.469078,108528,South Korea,SUCCESS,server_108528.ovpn,
2026-09-22T18:07:03.033416,2944174,Japan,SUCCESS,server_2944174.ovpn,
2026-09-22T18:07:03.359365,1331261,Japan,SUCCESS,server_1331261.ovpn,
2026-09-22T18:07:05.302995,471074,South Korea,SUCCESS,server_471074.ovpn,
2026-09-22T18:07:05.407013,1578055,Japan,SUCCESS,server_1578055.ovpn,
2026-09-22T18:07:06.098028,90806,Japan,SUCCESS,server_90806.ovpn,
2026-09-22T18:07:06.483257,41987,Japan,SUCCESS,server_41987.ovpn,
2026-09-22T18:07:08.817086,2037537,Japan,SUCCESS,server_2037537.ovpn,
2026-09-22T18:07:10.081182,2402010,South Korea,SUCCESS,server_2402010.ovpn,
2026-09-22T18:07:11.532023,48039,Japan,SUCCESS,server_48039.ovpn,
2026-09-22T18:07:12.031089,2244203,Japan,SUCCESS,server_2244203.ovpn,
2026-09-22T18:07:13.079288,147053,South Korea,SUCCESS,server_147053.ovpn,
2026-09-22T18:07:13.952132,100756,South Korea,SUCCESS,server_100756.ovpn,
2026-09-22T18:07:17.082077,831176,Thailand,SUCCESS,server_831176.ovpn,
2026-09-22T18:07:17.171081,791930,Japan,SUCCESS,server_791930.ovpn,
2026-09-22T18:07:20.038081,1619899,Japan,SUCCESS,server_1619899.ovpn,
2026-09-22T18:07:20.195277,956337,Japan,SUCCESS,server_956337.ovpn,
2026-09-22T18:07:22.777842,2288183,South Korea,SUCCESS,server_2288183.ovpn,
2026-09-22T18:07:23.916139,877894,South Korea,SUCCESS,server_877894.ovpn,
2026-09-22T18:07:24.399094,832021,Japan,SUCCESS,server_832021.ovpn,
2026-09-22T18:07:24.540993,861650,South Korea,SUCCESS,server_861650.ovpn,
2026-09-22T18:07:29.568906,840377,South Korea,SUCCESS,server_840377.ovpn,
2026-09-22T18:07:31.398224,53560,Japan,SUCCESS,server_53560.ovpn,
2026-09-22T18:07:31.896540,3681353,South Korea,SUCCESS,server_3681353.ovpn,
2026-09-22T18:07:32.317062,956874,Japan,SUCCESS,server_956874.ovpn,
2026-09-22T18:07:35.014092,314585,Japan,SUCCESS,server_314585.ovpn,
2026-09-22T18:07:35.418117,880458,Japan,SUCCESS,server_880458.ovpn,
2026-09-22T18:07:38.544064,41986,Japan,SUCCESS,server_41986.ovpn,
2026-09-22T18:07:39.509032,1853123,Japan,SUCCESS,server_1853123.ovpn,
2026-09-22T18:07:40.968692,153347,Japan,SUCCESS,server_153347.ovpn,
2026-09-22T18:07:42.396078,2931004,South Korea,SUCCESS,server_2931004.ovpn,
2026-09-22T18:07:42.555894,862845,South Korea,SUCCESS,server_862845.ovpn,
2026-09-22T18:07:44.107004,860695,Japan,SUCCESS,server_860695.ovpn,
2026-09-22T18:07:49.016002,100146,Japan,SUCCESS,server_100146.ovpn,
2026-09-22T18:07:50.322935,439165,South Korea,SUCCESS,server_439165.ovpn,
2026-09-22T18:07:52.506915,1662845,Ireland,SUCCESS,server_1662845.ovpn,
2026-09-22T18:07:52.890927,60436,South Korea,SUCCESS,server_60436.ovpn,
2026-09-22T18:07:55.470987,72857,South Korea,SUCCESS,server_72857.ovpn,
2026-09-22T18:07:56.092768,962675,South Korea,SUCCESS,server_962675.ovpn,
2026-09-22T18:07:56.397531,1892559,Russia,SUCCESS,server_1892559.ovpn,
2026-09-22T18:08:00.071651,1067957,South Korea,SUCCESS,server_1067957.ovpn,
2026-09-22T18:08:01.464815,2027883,Japan,SUCCESS,server_2027883.ovpn,
2026-09-22T18:08:02.760686,74840,Japan,SUCCESS,server_74840.ovpn,
2026-09-22T18:08:06.344346,119983,South Korea,SUCCESS,server_119983.ovpn,
2026-09-22T18:08:07.709661,75441,Japan,SUCCESS,server_75441.ovpn,
2026-09-22T18:08:08.309281,88464,Japan,SUCCESS,server_88464.ovpn,
2026-09-22T18:08:10.442923,1487664,South Korea,SUCCESS,server_1487664.ovpn,
2026-09-22T18:08:12.733836,128250,Lithuania,SUCCESS,server_128250.ovpn,
2026-09-22T18:08:13.295897,82598,Japan,SUCCESS,server_82598.ovpn,
2026-09-22T18:08:13.947030,1506072,South Korea,FAILED,,Failed to load download page (Status: No response)
2026-09-22T18:08:16.064476,49344,USA,SUCCESS,server_49344.ovpn,
2026-09-22T18:08:18.027776,707903,Japan,SUCCESS,server_707903.ovpn,
2026-09-22T18:08:21.660070,879973,Japan,SUCCESS,server_879973.ovpn,
2026-09-22T18:08:22.587945,1898773,South Korea,FAILED,,Failed to load download page (Status: No response)
2026-09-22T18:08:22.613331,841925,South Korea,SUCCESS,server_841925.ovpn,
2026-09-22T18:08:23.562474,2162043,Russia,SUCCESS,server_2162043.ovpn,
2026-09-22T18:08:25.307637,909395,South Korea,SUCCESS,server_909395.ovpn,
2026-09-22T18:08:30.358622,147545,USA,SUCCESS,server_147545.ovpn,
2026-09-22T18:08:31.091644,1614593,Japan,SUCCESS,server_1614593.ovpn,
2026-09-22T18:08:31.876518,979312,Japan,SUCCESS,server_979312.ovpn,
2026-09-22T18:08:32.856446,479716,Japan,SUCCESS,server_479716.ovpn,
2026-09-22T18:08:32.895332,862811,France,SUCCESS,server_862811.ovpn,
2026-09-22T18:08:33.608205,47590,Japan,SUCCESS,server_47590.ovpn,
2026-09-22T18:08:38.574530,47330,Japan,SUCCESS,server_47330.ovpn,
2026-09-22T18:08:39.069536,884406,Japan,SUCCESS,server_884406.ovpn,
2026-09-22T18:08:39.386366,2228839,South Korea,SUCCESS,server_2228839.ovpn,
2026-09-22T18:08:40.895948,3483572,South Korea,SUCCESS,server_3483572.ovpn,
2026-09-22T18:08:41.055765,2027860,South Korea,SUCCESS,server_2027860.ovpn,
2026-09-22T18:08:41.891810,138347,Japan,SUCCESS,server_138347.ovpn,
2026-09-22T18:08:46.995595,53561,Japan,SUCCESS,server_53561.ovpn,
2026-09-22T18:08:47.867274,121627,Japan,SUCCESS,server_121627.ovpn,
2026-09-22T18:08:48.066420,850279,Japan,SUCCESS,server_850279.ovpn,
2026-09-22T18:08:49.791452,857348,Japan,SUCCESS,server_857348.ovpn,
2026-09-22T18:08:49.939449,117172,Japan,SUCCESS,server_117172.ovpn,
2026-09-22T18:08:50.269157,57785,Japan,SUCCESS,server_57785.ovpn,
2026-09-22T18:08:52.437476,945360,South Korea,SUCCESS,server_945360.ovpn,
2026-09-22T18:08:53.856225,480251,South Korea,SUCCESS,server_480251.ovpn,
2026-09-22T18:08:53.952500,91817,South Korea,SUCCESS,server_91817.ovpn,
2026-09-22T18:08:56.881156,480872,South Korea,SUCCESS,server_480872.ovpn,
2026-09-22T18:08:57.315270,1310071,Australia,SUCCESS,server_1310071.ovpn,
2026-09-22T18:08:57.638438,928200,Japan,SUCCESS,server_928200.ovpn,
2026-09-22T18:09:00.011500,129737,Japan,SUCCESS,server_129737.ovpn,
2026-09-22T18:09:01.910141,48664,Japan,SUCCESS,server_48664.ovpn,
2026-09-22T18:09:02.691161,1550942,Japan,SUCCESS,server_1550942.ovpn,
2026-09-22T18:09:03.287120,44323,Japan,SUCCESS,server_44323.ovpn,
2026-09-22T18:09:05.778172,107664,USA,SUCCESS,server_107664.ovpn,
2026-09-22T18:09:08.634147,1936550,Japan,SUCCESS,server_1936550.ovpn,
2026-09-22T18:09:09.374233,1903561,Japan,SUCCESS,server_1903561.ovpn,
2026-09-22T18:09:11.405298,53762,Japan,SUCCESS,server_53762.ovpn,
2026-09-22T18:09:11.440010,71361,South Korea,SUCCESS,server_71361.ovpn,
2026-09-22T18:09:12.041528,2245025,USA,SUCCESS,server_2245025.ovpn,
2026-09-22T18:09:12.559353,42653,Japan,SUCCESS,server_42653.ovpn,
2026-09-22T18:09:15.588338,48844,South Korea,SUCCESS,server_48844.ovpn,
2026-09-22T18:09:16.414143,2219709,South Korea,SUCCESS,server_2219709.ovpn,
2026-09-22T18:09:16.493090,72981,Japan,SUCCESS,server_72981.ovpn,
2026-09-22T18:09:18.256092,3024801,South Korea,SUCCESS,server_3024801.ovpn,
2026-09-22T18:09:19.765339,143388,South Korea,SUCCESS,server_143388.ovpn,
2026-09-22T18:09:20.427020,1546364,Japan,SUCCESS,server_1546364.ovpn,
2026-09-22T18:09:22.765192,2192816,Japan,SUCCESS,server_2192816.ovpn,
2026-09-22T18:09:23.743280,51040,Japan,SUCCESS,server_51040.ovpn,
2026-09-22T18:09:24.080182,987466,Japan,SUCCESS,server_987466.ovpn,
2026-09-22T18:09:24.864487,72167,Japan,FAILED,,Failed to load download page (Status: No response)
2026-09-22T18:09:26.746224,1305692,South Korea,SUCCESS,server_1305692.ovpn,
2026-09-22T18:09:27.008969,125426,Japan,SUCCESS,server_125426.ovpn,
2026-09-22T18:09:28.611904,42648,Japan,SUCCESS,server_42648.ovpn,
2026-09-22T18:09:29.453163,2231367,South Korea,SUCCESS,server_2231367.ovpn,
2026-09-22T18:09:29.500987,67350,South Korea,SUCCESS,server_67350.ovpn,
2026-09-22T18:09:31.730105,977772,South Korea,SUCCESS,server_977772.ovpn,
2026-09-22T18:09:32.610227,140880,Japan,SUCCESS,server_140880.ovpn,
2026-09-22T18:09:32.656861,153521,Japan,SUCCESS,server_153521.ovpn,
2026-09-22T18:09:34.971439,1042511,Japan,SUCCESS,server_1042511.ovpn,
2026-09-22T18:09:34.995874,862913,South Korea,SUCCESS,server_862913.ovpn,
2026-09-22T18:09:36.179239,83977,South Korea,SUCCESS,server_83977.ovpn,
2026-09-22T18:09:38.555114,1600673,South Korea,SUCCESS,server_1600673.ovpn,
2026-09-22T18:09:39.159063,875491,South Korea,SUCCESS,server_875491.ovpn,
2026-09-22T18:09:40.402819,104698,South Korea,SUCCESS,server_104698.ovpn,
2026-09-22T18:09:41.962428,306011,Japan,SUCCESS,server_306011.ovpn,
2026-09-22T18:09:42.650939,100588,South Korea,SUCCESS,server_100588.ovpn,
2026-09-22T18:09:42.894307,50576,South Korea,SUCCESS,server_50576.ovpn,
2026-09-22T18:09:46.091625,129672,South Korea,SUCCESS,server_129672.ovpn,
2026-09-22T18:09:46.159154,53129,South Korea,FAILED,,Failed to load download page (Status: No response)
2026-09-22T18:09:46.707029,141257,USA,SUCCESS,server_141257.ovpn,
2026-09-22T18:09:46.989998,946543,Japan,SUCCESS,server_946543.ovpn,
2026-09-22T18:09:48.315191,1287565,South Korea,SUCCESS,server_1287565.ovpn,
2026-09-22T18:09:48.575077,917177,Japan,SUCCESS,server_917177.ovpn,
2026-09-22T18:09:51.493016,908020,South Korea,SUCCESS,server_908020.ovpn,
2026-09-22T18:09:52.050029,2043345,South Korea,SUCCESS,server_2043345.ovpn,
2026-09-22T18:09:53.434077,1522438,South Korea,SUCCESS,server_1522438.ovpn,
2026-09-22T18:09:53.702563,1321733,South Korea,SUCCESS,server_1321733.ovpn,
2026-09-22T18:09:54.372870,42705,Japan,SUCCESS,server_42705.ovpn,
2026-09-22T18:09:55.381863,2209513,Japan,SUCCESS,server_2209513.ovpn,
2026-09-22T18:09:56.387780,480141,South Korea,SUCCESS,server_480141.ovpn,
2026-09-22T18:09:57.738058,876033,Japan,SUCCESS,server_876033.ovpn,
2026-09-22T18:09:58.931927,116293,South Korea,SUCCESS,server_116293.ovpn,
2026-09-22T18:09:59.224901,2362178,South Korea,SUCCESS,server_2362178.ovpn,
2026-09-22T18:09:59.784902,138479,Japan,SUCCESS,server_138479.ovpn,
2026-09-22T18:10:01.842975,345800,Japan,SUCCESS,server_345800.ovpn,
2026-09-22T18:10:04.589699,132970,South Korea,SUCCESS,server_132970.ovpn,
2026-09-22T18:10:04.765617,2027786,Japan,SUCCESS,server_2027786.ovpn,
2026-09-22T18:10:05.655567,1661012,Japan,SUCCESS,server_1661012.ovpn,
2026-09-22T18:10:06.613096,129817,South Korea,SUCCESS,server_129817.ovpn,
2026-09-22T18:10:07.152080,822524,Japan,SUCCESS,server_822524.ovpn,
2026-09-22T18:10:07.620022,2044198,Japan,SUCCESS,server_2044198.ovpn,
2026-09-22T18:10:10.437836,1999912,Ecuador,SUCCESS,server_1999912.ovpn,
2026-09-22T18:10:11.947028,48341,Japan,SUCCESS,server_48341.ovpn,
2026-09-22T18:10:12.664534,75801,Japan,SUCCESS,server_75801.ovpn,
2026-09-22T18:10:14.150642,149906,Canada,SUCCESS,server_149906.ovpn,
2026-09-22T18:10:14.341704,85335,Japan,SUCCESS,server_85335.ovpn,
2026-09-22T18:10:14.665057,1699722,South Korea,SUCCESS,server_1699722.ovpn,
2026-09-22T18:10:18.821810,1500464,Japan,SUCCESS,server_1500464.ovpn,
2026-09-22T18:10:20.024035,53482,Japan,FAILED,,Failed to load download page (Status: No response)
2026-09-22T18:10:20.278954,46778,Japan,FAILED,,Failed to load download page (Status: No response)
2026-09-22T18:10:20.990486,46366,Japan,SUCCESS,server_46366.ovpn,
2026-09-22T18:10:21.368768,959262,USA,SUCCESS,server_959262.ovpn,
2026-09-22T18:10:21.458620,1551013,Japan,SUCCESS,server_1551013.ovpn,
2026-09-22T18:10:24.796506,100048,Japan,SUCCESS,server_100048.ovpn,
2026-09-22T18:10:26.850580,106950,Japan,SUCCESS,server_106950.ovpn,
2026-09-22T18:10:27.131611,51086,South Korea,SUCCESS,server_51086.ovpn,
2026-09-22T18:10:29.708628,838211,South Korea,SUCCESS,server_838211.ovpn,
2026-09-22T18:10:29.845610,51034,Japan,SUCCESS,server_51034.ovpn,
2026-09-22T18:10:29.956811,97465,South Korea,SUCCESS,server_97465.ovpn,
2026-09-22T18:10:31.170539,1801258,Japan,SUCCESS,server_1801258.ovpn,
2026-09-22T18:10:33.330939,108679,Japan,SUCCESS,server_108679.ovpn,
2026-09-22T18:10:34.925771,2342990,Japan,SUCCESS,server_2342990.ovpn,
2026-09-22T18:10:37.782610,978677,Japan,SUCCESS,server_978677.ovpn,
2026-09-22T18:10:37.864510,953230,USA,SUCCESS,server_953230.ovpn,
2026-09-22T18:10:38.166298,3466068,South Korea,SUCCESS,server_3466068.ovpn,
2026-09-22T18:10:39.326944,2109898,Japan,SUCCESS,server_2109898.ovpn,
2026-09-22T18:10:39.868486,2322173,South Korea,SUCCESS,server_2322173.ovpn,
2026-09-22T18:10:41.702626,909409,South Korea,SUCCESS,server_909409.ovpn,
2026-09-22T18:10:49.037799,123886,South Korea,SUCCESS,server_123886.ovpn,
2026-09-22T18:10:50.623833,651078,Japan,SUCCESS,server_651078.ovpn,
2026-09-22T18:10:51.004486,79441,South Korea,SUCCESS,server_79441.ovpn,
2026-09-22T18:10:51.029354,1027312,USA,SUCCESS,server_1027312.ovpn,
2026-09-22T18:10:54.279496,2219705,South Korea,SUCCESS,server_2219705.ovpn,
2026-09-22T18:10:54.400459,47704,South Korea,SUCCESS,server_47704.ovpn,
2026-09-22T18:10:56.854526,133442,South Korea,SUCCESS,server_133442.ovpn,
2026-09-22T18:10:58.830881,910462,South Korea,SUCCESS,server_910462.ovpn,
2026-09-22T18:10:59.301081,41423,Japan,SUCCESS,server_41423.ovpn,
2026-09-22T18:11:00.116132,303310,South Korea,SUCCESS,server_303310.ovpn,
2026-09-22T18:11:00.324218,68931,South Korea,SUCCESS,server_68931.ovpn,
2026-09-22T18:11:00.590179,3698055,Mexico,SUCCESS,server_3698055.ovpn,
2026-09-22T18:11:03.096514,1231292,South Korea,SUCCESS,server_1231292.ovpn,
2026-09-22T18:11:06.560537,694032,South Korea,SUCCESS,server_694032.ovpn,
2026-09-22T18:11:06.814431,158369,Japan,SUCCESS,server_158369.ovpn,
2026-09-22T18:11:06.853567,1748128,South Korea,SUCCESS,server_1748128.ovpn,
2026-09-22T18:11:07.004398,1662853,Japan,SUCCESS,server_1662853.ovpn,
2026-09-22T18:11:08.954479,148512,France,SUCCESS,server_148512.ovpn,
2026-09-22T18:11:09.297252,76218,South Korea,SUCCESS,server_76218.ovpn,
2026-09-22T18:11:14.004400,1722915,Japan,SUCCESS,server_1722915.ovpn,
2026-09-22T18:11:15.724240,840678,South Korea,SUCCESS,server_840678.ovpn,
2026-09-22T18:11:15.876338,877890,Vietnam,SUCCESS,server_877890.ovpn,
2026-09-22T18:11:16.062432,61606,South Korea,SUCCESS,server_61606.ovpn,
2026-09-22T18:11:16.570547,2051334,Mexico,SUCCESS,server_2051334.ovpn,
2026-09-22T18:11:17.097437,69081,South Korea,SUCCESS,server_69081.ovpn,
2026-09-22T18:11:20.073355,911193,Japan,SUCCESS,server_911193.ovpn,
2026-09-22T18:11:21.504352,101790,Netherlands,SUCCESS,server_101790.ovpn,
2026-09-22T18:11:23.121497,96576,South Korea,SUCCESS,server_96576.ovpn,
2026-09-22T18:11:23.655748,42766,South Korea,SUCCESS,server_42766.ovpn,
2026-09-22T18:11:23.915937,2443544,South Korea,SUCCESS,server_2443544.ovpn,
2026-09-22T18:11:24.269263,53603,South Korea,SUCCESS,server_53603.ovpn,
2026-09-22T18:11:27.449226,2255656,Japan,SUCCESS,server_2255656.ovpn,
2026-09-22T18:11:29.509417,2172368,Japan,SUCCESS,server_2172368.ovpn,
2026-09-22T18:11:31.689166,656712,Croatia (Hrvatska),SUCCESS,server_656712.ovpn,
2026-09-22T18:11:32.374979,3280174,South Korea,SUCCESS,server_3280174.ovpn,
2026-09-22T18:11:32.425667,58970,South Korea,SUCCESS,server_58970.ovpn,
2026-09-22T18:11:32.919240,101818,Japan,SUCCESS,server_101818.ovpn,
2026-09-22T18:11:34.078314,740607,Japan,SUCCESS,server_740607.ovpn,
2026-09-22T18:11:34.281972,329678,Japan,SUCCESS,server_329678.ovpn,
2026-09-22T18:11:37.961850,3175541,South Korea,SUCCESS,server_3175541.ovpn,
2026-09-22T18:11:38.167247,2974243,South Korea,SUCCESS,server_2974243.ovpn,
2026-09-22T18:11:38.363310,43696,Japan,SUCCESS,server_43696.ovpn,
2026-09-22T18:11:41.814813,138259,Japan,SUCCESS,server_138259.ovpn,
2026-09-22T18:11:42.657231,1763109,Japan,SUCCESS,server_1763109.ovpn,
2026-09-22T18:11:42.766009,88494,Japan,SUCCESS,server_88494.ovpn,
2026-09-22T18:11:45.860439,110903,South Korea,SUCCESS,server_110903.ovpn,
2026-09-22T18:11:47.012181,2286722,USA,SUCCESS,server_2286722.ovpn,
2026-09-22T18:11:47.595221,1654797,South Korea,SUCCESS,server_1654797.ovpn,
2026-09-22T18:11:51.483727,1692509,Japan,SUCCESS,server_1692509.ovpn,
2026-09-22T18:11:52.220795,109333,Japan,SUCCESS,server_109333.ovpn,
2026-09-22T18:11:52.273087,1920532,Japan,SUCCESS,server_1920532.ovpn,
2026-09-22T18:11:53.158046,180330,South Korea,SUCCESS,server_180330.ovpn,
2026-09-22T18:11:53.586674,1815224,Russia,SUCCESS,server_1815224.ovpn,
2026-09-22T18:11:54.900813,2887843,Japan,SUCCESS,server_2887843.ovpn,
2026-09-22T18:11:58.023922,117084,Japan,SUCCESS,server_117084.ovpn,
2026-09-22T18:11:59.898888,1372658,Mexico,SUCCESS,server_1372658.ovpn,
2026-09-22T18:12:00.486819,753539,Japan,SUCCESS,server_753539.ovpn,
2026-09-22T18:12:01.055786,123883,Japan,SUCCESS,server_123883.ovpn,
2026-09-22T18:12:01.930543,81917,South Korea,SUCCESS,server_81917.ovpn,
2026-09-22T18:12:04.075016,3246998,South Korea,SUCCESS,server_3246998.ovpn,
2026-09-22T18:12:06.087573,123667,Japan,SUCCESS,server_123667.ovpn,
2026-09-22T18:12:06.428204,42535,Japan,FAILED,,Failed to load download page (Status: No response)
2026-09-22T18:12:07.153776,43353,South Korea,SUCCESS,server_43353.ovpn,
2026-09-22T18:12:07.291816,1055642,Japan,SUCCESS,server_1055642.ovpn,
2026-09-22T18:12:09.308991,1833989,Japan,SUCCESS,server_1833989.ovpn,
2026-09-22T18:12:09.846629,46009,Japan,SUCCESS,server_46009.ovpn,
2026-09-22T18:12:12.075887,42769,South Korea,SUCCESS,server_42769.ovpn,
2026-09-22T18:12:13.629214,2871517,Japan,SUCCESS,server_2871517.ovpn,
2026-09-22T18:12:14.101050,47686,Japan,SUCCESS,server_47686.ovpn,
2026-09-22T18:12:14.165282,1822367,Japan,FAILED,,Failed to load download page (Status: No response)
2026-09-22T18:12:16.002923,56569,Russia,SUCCESS,server_56569.ovpn,
2026-09-22T18:12:17.059905,1291114,South Korea,SUCCESS,server_1291114.ovpn,
2026-09-22T18:12:20.024954,41997,Japan,SUCCESS,server_41997.ovpn,
2026-09-22T18:12:20.349099,2284927,Japan,SUCCESS,server_2284927.ovpn,
2026-09-22T18:12:21.226173,2239583,South Korea,SUCCESS,server_2239583.ovpn,
2026-09-22T18:12:22.011259,1399980,Japan,FAILED,,Failed to load download page (Status: No response)
2026-09-22T18:12:24.178596,1660123,Japan,SUCCESS,server_1660123.ovpn,
2026-09-22T18:12:24.728949,922931,Japan,SUCCESS,server_922931.ovpn,
2026-09-22T18:12:26.070654,99790,Japan,SUCCESS,server_99790.ovpn,
2026-09-22T18:12:26.589755,2534066,Japan,SUCCESS,server_2534066.ovpn,
2026-09-22T18:12:27.519742,1209021,Japan,SUCCESS,server_1209021.ovpn,
2026-09-22T18:12:28.090807,47683,Japan,SUCCESS,server_47683.ovpn,
2026-09-22T18:12:30.173654,44433,South Korea,SUCCESS,server_44433.ovpn,
2026-09-22T18:12:30.880559,2012385,Japan,SUCCESS,server_2012385.ovpn,
2026-09-22T18:12:31.045875,2289008,South Korea,SUCCESS,server_2289008.ovpn,
2026-09-22T18:12:32.549026,42045,South Korea,SUCCESS,server_42045.ovpn,
2026-09-22T18:12:32.590693,135220,South Korea,SUCCESS,server_135220.ovpn,
2026-09-22T18:12:35.076431,72412,Japan,SUCCESS,server_72412.ovpn,
2026-09-22T18:12:35.430732,1628641,Japan,SUCCESS,server_1628641.ovpn,
2026-09-22T18:12:36.133623,43689,Japan,SUCCESS,server_43689.ovpn,
2026-09-22T18:12:37.310549,1546376,Japan,SUCCESS,server_1546376.ovpn,
2026-09-22T18:12:37.854531,2730304,Japan,SUCCESS,server_2730304.ovpn,
2026-09-22T18:12:38.313410,2377199,Russia,SUCCESS,server_2377199.ovpn,
2026-09-22T18:12:39.723754,956604,USA,SUCCESS,server_956604.ovpn,
2026-09-22T18:12:42.728510,2423738,Japan,SUCCESS,server_2423738.ovpn,
2026-09-22T18:12:43.759858,111753,South Korea,SUCCESS,server_111753.ovpn,
2026-09-22T18:12:45.697252,69464,South Korea,SUCCESS,server_69464.ovpn,
2026-09-22T18:12:46.186259,46848,Japan,SUCCESS,server_46848.ovpn,
2026-09-22T18:12:47.090007,919013,South Korea,SUCCESS,server_919013.ovpn,
2026-09-22T18:12:48.081851,323251,Japan,SUCCESS,server_323251.ovpn,
2026-09-22T18:12:50.412720,1003262,Japan,SUCCESS,server_1003262.ovpn,
2026-09-22T18:12:50.763015,3074411,Japan,SUCCESS,server_3074411.ovpn,
2026-09-22T18:12:51.682951,3152315,Japan,SUCCESS,server_3152315.ovpn,
2026-09-22T18:12:53.963821,47418,Japan,SUCCESS,server_47418.ovpn,
2026-09-22T18:12:54.256926,1443805,South Korea,SUCCESS,server_1443805.ovpn,
2026-09-22T18:12:55.346681,267013,South Korea,SUCCESS,server_267013.ovpn,
2026-09-22T18:12:56.824694,1291103,Japan,SUCCESS,server_1291103.ovpn,
2026-09-22T18:12:57.161809,90086,Japan,SUCCESS,server_90086.ovpn,
2026-09-22T18:12:57.926578,267948,South Korea,SUCCESS,server_267948.ovpn,
2026-09-22T18:13:01.493648,1245851,South Korea,SUCCESS,server_1245851.ovpn,
2026-09-22T18:13:02.065597,2162037,USA,SUCCESS,server_2162037.ovpn,
2026-09-22T18:13:02.861523,1510920,Japan,SUCCESS,server_1510920.ovpn,
2026-09-22T18:13:04.005629,113221,Japan,SUCCESS,server_113221.ovpn,
2026-09-22T18:13:05.235602,3479861,Japan,SUCCESS,server_3479861.ovpn,
2026-09-22T18:13:05.458776,57662,Japan,SUCCESS,server_57662.ovpn,
2026-09-22T18:13:07.687372,1335269,Japan,SUCCESS,server_1335269.ovpn,
2026-09-22T18:13:08.752541,58415,South Korea,SUCCESS,server_58415.ovpn,
2026-09-22T18:13:08.906911,3521648,South Korea,SUCCESS,server_3521648.ovpn,
2026-09-22T18:13:10.361652,137702,South Korea,SUCCESS,server_137702.ovpn,
2026-09-22T18:13:10.837298,2378157,Japan,SUCCESS,server_2378157.ovpn,
2026-09-22T18:13:12.442316,1653031,Japan,SUCCESS,server_1653031.ovpn,
2026-09-22T18:13:13.619812,43291,Japan,SUCCESS,server_43291.ovpn,
2026-09-22T18:13:14.216166,825973,Japan,SUCCESS,server_825973.ovpn,
2026-09-22T18:13:14.829362,1881900,Japan,SUCCESS,server_1881900.ovpn,
2026-09-22T18:13:17.125425,640126,France,SUCCESS,server_640126.ovpn,
2026-09-22T18:13:17.989385,837212,South Korea,SUCCESS,server_837212.ovpn,
2026-09-22T18:13:18.545574,2172360,Japan,SUCCESS,server_2172360.ovpn,
2026-09-22T18:13:18.730144,51362,USA,SUCCESS,server_51362.ovpn,
2026-09-22T18:13:19.963469,1293532,Japan,SUCCESS,server_1293532.ovpn,
2026-09-22T18:13:20.836320,133292,South Korea,SUCCESS,server_133292.ovpn,
2026-09-22T18:13:22.232143,1870693,Japan,SUCCESS,server_1870693.ovpn,
2026-09-22T18:13:24.284190,67870,South Korea,SUCCESS,server_67870.ovpn,
2026-09-22T18:13:24.309127,2028530,UK,SUCCESS,server_2028530.ovpn,
2026-09-22T18:13:24.755877,2974228,Japan,SUCCESS,server_2974228.ovpn,
2026-09-22T18:13:24.951191,1193197,Japan,SUCCESS,server_1193197.ovpn,
2026-09-22T18:13:26.660080,60087,Japan,SUCCESS,server_60087.ovpn,
2026-09-22T18:13:28.075003,674601,Japan,SUCCESS,server_674601.ovpn,
2026-09-22T18:13:30.190365,3646274,Russia,SUCCESS,server_3646274.ovpn,
2026-09-22T18:13:31.083341,119185,Japan,SUCCESS,server_119185.ovpn,
2026-09-22T18:13:31.840036,102702,Japan,SUCCESS,server_102702.ovpn,
2026-09-22T18:13:31.937082,636724,Japan,SUCCESS,server_636724.ovpn,
2026-09-22T18:13:32.268550,77817,South Korea,SUCCESS,server_77817.ovpn,
2026-09-22T18:13:33.544637,42011,Japan,SUCCESS,server_42011.ovpn,
2026-09-22T18:13:37.307006,2170269,South Korea,SUCCESS,server_2170269.ovpn,
2026-09-22T18:13:37.386728,945622,Japan,SUCCESS,server_945622.ovpn,
2026-09-22T18:13:37.931060,64690,South Korea,SUCCESS,server_64690.ovpn,
2026-09-22T18:13:38.530118,53134,South Korea,SUCCESS,server_53134.ovpn,
2026-09-22T18:13:38.974956,1310083,South Korea,SUCCESS,server_1310083.ovpn,
2026-09-22T18:13:39.122465,3466028,South Korea,SUCCESS,server_3466028.ovpn,
2026-09-22T18:13:42.785399,1992650,South Korea,SUCCESS,server_1992650.ovpn,
2026-09-22T18:13:43.323214,1914603,Japan,SUCCESS,server_1914603.ovpn,
2026-09-22T18:13:44.555040,3466066,South Korea,SUCCESS,server_3466066.ovpn,
2026-09-22T18:13:44.703204,108533,South Korea,SUCCESS,server_108533.ovpn,
2026-09-22T18:13:45.344066,2237496,Japan,SUCCESS,server_2237496.ovpn,
2026-09-22T18:13:45.430329,48863,Japan,SUCCESS,server_48863.ovpn,
2026-09-22T18:13:48.011552,149645,South Korea,SUCCESS,server_149645.ovpn,
2026-09-22T18:13:48.999245,1661963,Japan,SUCCESS,server_1661963.ovpn,
2026-09-22T18:13:51.024253,55739,South Korea,SUCCESS,server_55739.ovpn,
2026-09-22T18:13:51.138223,1828810,South Korea,SUCCESS,server_1828810.ovpn,
2026-09-22T18:13:51.971764,44432,South Korea,SUCCESS,server_44432.ovpn,
2026-09-22T18:13:52.395151,72398,South Korea,SUCCESS,server_72398.ovpn,
2026-09-22T18:13:53.413329,133650,Japan,SUCCESS,server_133650.ovpn,
2026-09-22T18:13:53.976067,1814104,USA,SUCCESS,server_1814104.ovpn,
2026-09-22T18:13:57.232286,54364,South Korea,SUCCESS,server_54364.ovpn,
2026-09-22T18:13:57.561187,147981,South Korea,SUCCESS,server_147981.ovpn,
2026-09-22T18:13:57.887857,2288210,Japan,SUCCESS,server_2288210.ovpn,
2026-09-22T18:13:58.918665,194661,South Korea,FAILED,,Failed to load download page (Status: No response)
2026-09-22T18:13:58.919223,55895,Japan,SUCCESS,server_55895.ovpn,
2026-09-22T18:13:59.630873,2028501,USA,SUCCESS,server_2028501.ovpn,
2026-09-22T18:14:02.523250,960971,South Korea,SUCCESS,server_960971.ovpn,
2026-09-22T18:14:03.496390,1810801,South Korea,SUCCESS,server_1810801.ovpn,
2026-09-22T18:14:03.678764,1325860,Japan,SUCCESS,server_1325860.ovpn,
2026-09-22T18:14:05.850077,310118,Japan,SUCCESS,server_310118.ovpn,
2026-09-22T18:14:06.505926,46830,Japan,SUCCESS,server_46830.ovpn,
2026-09-22T18:14:07.469843,224363,Japan,SUCCESS,server_224363.ovpn,
2026-09-22T18:14:09.720065,123182,South Korea,SUCCESS,server_123182.ovpn,
2026-09-22T18:14:10.743947,419100,South Korea,SUCCESS,server_419100.ovpn,
2026-09-22T18:14:10.863805,59621,Japan,SUCCESS,server_59621.ovpn,
2026-09-22T18:14:10.940144,147564,South Korea,SUCCESS,server_147564.ovpn,
2026-09-22T18:14:11.507651,956606,USA,SUCCESS,server_956606.ovpn,
2026-09-22T18:14:12.244808,345805,South Korea,SUCCESS,server_345805.ovpn,
2026-09-22T18:14:14.632751,137392,Japan,SUCCESS,server_137392.ovpn,
2026-09-22T18:14:17.156950,123917,Japan,SUCCESS,server_123917.ovpn,
2026-09-22T18:14:18.138755,47588,Japan,SUCCESS,server_47588.ovpn,
2026-09-22T18:14:19.142105,48036,Japan,SUCCESS,server_48036.ovpn,
2026-09-22T18:14:19.146756,2013216,Japan,SUCCESS,server_2013216.ovpn,
2026-09-22T18:14:19.166506,910605,South Korea,SUCCESS,server_910605.ovpn,
2026-09-22T18:14:20.835138,153127,Japan,SUCCESS,server_153127.ovpn,
2026-09-22T18:14:22.764675,1518062,South Korea,SUCCESS,server_1518062.ovpn,
2026-09-22T18:14:22.886693,1454729,Japan,SUCCESS,server_1454729.ovpn,
2026-09-22T18:14:24.306968,3694650,Japan,SUCCESS,server_3694650.ovpn,
2026-09-22T18:14:25.423709,916682,South Korea,SUCCESS,server_916682.ovpn,
2026-09-22T18:14:26.107253,480859,Russia,SUCCESS,server_480859.ovpn,
2026-09-22T18:14:26.298930,837730,South Korea,SUCCESS,server_837730.ovpn,
2026-09-22T18:14:27.954614,121223,Japan,SUCCESS,server_121223.ovpn,
2026-09-22T18:14:28.128419,3126050,Japan,SUCCESS,server_3126050.ovpn,
2026-09-22T18:14:29.463896,131551,South Korea,SUCCESS,server_131551.ovpn,
2026-09-22T18:14:30.632817,43317,South Korea,SUCCESS,server_43317.ovpn,
2026-09-22T18:14:31.113885,99590,Japan,SUCCESS,server_99590.ovpn,
2026-09-22T18:14:31.283507,126971,Japan,SUCCESS,server_126971.ovpn,
2026-09-22T18:14:33.941012,2688536,Japan,SUCCESS,server_2688536.ovpn,
2026-09-22T18:14:33.978195,1062265,South Korea,SUCCESS,server_1062265.ovpn,
2026-09-22T18:14:36.813555,81268,Japan,SUCCESS,server_81268.ovpn,
2026-09-22T18:14:37.953884,128702,Japan,SUCCESS,server_128702.ovpn,
2026-09-22T18:14:37.963179,51221,South Korea,SUCCESS,server_51221.ovpn,
2026-09-22T18:14:38.007659,48318,Japan,SUCCESS,server_48318.ovpn,
2026-09-22T18:14:39.222926,58918,South Korea,SUCCESS,server_58918.ovpn,
2026-09-22T18:14:39.514973,2288185,South Korea,SUCCESS,server_2288185.ovpn,
2026-09-22T18:14:41.162840,1965705,South Korea,SUCCESS,server_1965705.ovpn,
2026-09-22T18:14:44.670607,2322197,South Korea,SUCCESS,server_2322197.ovpn,
2026-09-22T18:14:45.053913,2221306,Japan,SUCCESS,server_2221306.ovpn,
2026-09-22T18:14:45.078420,48848,Japan,SUCCESS,server_48848.ovpn,
2026-09-22T18:14:45.510255,742646,Japan,SUCCESS,server_742646.ovpn,
2026-09-22T18:14:46.702023,740565,USA,SUCCESS,server_740565.ovpn,
2026-09-22T18:14:47.097960,148524,USA,SUCCESS,server_148524.ovpn,
2026-09-22T18:14:50.128195,2368692,South Korea,SUCCESS,server_2368692.ovpn,
2026-09-22T18:14:50.597816,1643604,South Korea,SUCCESS,server_1643604.ovpn,
2026-09-22T18:14:50.729281,73511,Japan,SUCCESS,server_73511.ovpn,
2026-09-22T18:14:50.968593,1360546,Japan,SUCCESS,server_1360546.ovpn,
2026-09-22T18:14:51.852590,43830,Japan,SUCCESS,server_43830.ovpn,
2026-09-22T18:14:52.697742,43858,South Korea,SUCCESS,server_43858.ovpn,
2026-09-22T18:14:54.612783,477170,South Korea,SUCCESS,server_477170.ovpn,
2026-09-22T18:14:56.228135,754557,South Korea,SUCCESS,server_754557.ovpn,
2026-09-22T18:14:56.251460,1276472,South Korea,SUCCESS,server_1276472.ovpn,
2026-09-22T18:14:56.315612,1268837,South Korea,SUCCESS,server_1268837.ovpn,
2026-09-22T18:14:56.878864,41445,Japan,SUCCESS,server_41445.ovpn,
2026-09-22T18:14:57.880435,463994,Japan,SUCCESS,server_463994.ovpn,
2026-09-22T18:14:59.479664,1564029,South Korea,SUCCESS,server_1564029.ovpn,
2026-09-22T18:15:02.232735,787153,Japan,SUCCESS,server_787153.ovpn,
2026-09-22T18:15:02.395639,480665,South Korea,SUCCESS,server_480665.ovpn,
2026-09-22T18:15:04.129674,1625282,Lithuania,SUCCESS,server_1625282.ovpn,
2026-09-22T18:15:05.151734,859329,South Korea,SUCCESS,server_859329.ovpn,
2026-09-22T18:15:06.247756,2347826,South Korea,SUCCESS,server_2347826.ovpn,
2026-09-22T18:15:06.883120,187210,Japan,SUCCESS,server_187210.ovpn,
2026-09-22T18:15:07.366545,3149035,South Korea,SUCCESS,server_3149035.ovpn,
2026-09-22T18:15:09.137708,66188,Japan,SUCCESS,server_66188.ovpn,
2026-09-22T18:15:10.992637,932115,South Korea,SUCCESS,server_932115.ovpn,
2026-09-22T18:15:11.209334,148510,USA,SUCCESS,server_148510.ovpn,
2026-09-22T18:15:11.741335,123391,France,SUCCESS,server_123391.ovpn,
2026-09-22T18:15:12.359546,100471,Japan,SUCCESS,server_100471.ovpn,
2026-09-22T18:15:14.183360,2363129,USA,SUCCESS,server_2363129.ovpn,
2026-09-22T18:15:16.084342,1372686,Cambodia,SUCCESS,server_1372686.ovpn,
2026-09-22T18:15:18.050610,998885,South Korea,SUCCESS,server_998885.ovpn,
2026-09-22T18:15:18.999311,1770926,South Korea,SUCCESS,server_1770926.ovpn,
2026-09-22T18:15:19.642001,1641712,Japan,SUCCESS,server_1641712.ovpn,
2026-09-22T18:15:19.801650,88460,South Korea,SUCCESS,server_88460.ovpn,
2026-09-22T18:15:21.552616,1734150,Japan,SUCCESS,server_1734150.ovpn,
2026-09-22T18:15:21.805358,701449,South Korea,SUCCESS,server_701449.ovpn,
2026-09-22T18:15:23.221955,852456,USA,SUCCESS,server_852456.ovpn,
2026-09-22T18:15:25.577535,1942501,South Korea,SUCCESS,server_1942501.ovpn,
2026-09-22T18:15:25.834535,112763,Japan,SUCCESS,server_112763.ovpn,
2026-09-22T18:15:26.103443,122329,Japan,SUCCESS,server_122329.ovpn,
2026-09-22T18:15:27.570621,840953,Japan,SUCCESS,server_840953.ovpn,
2026-09-22T18:15:29.166458,3749184,South Korea,SUCCESS,server_3749184.ovpn,
2026-09-22T18:15:30.274541,480681,Japan,SUCCESS,server_480681.ovpn,
2026-09-22T18:15:32.198512,1892596,Japan,SUCCESS,server_1892596.ovpn,
2026-09-22T18:15:32.224480,103978,South Korea,SUCCESS,server_103978.ovpn,
2026-09-22T18:15:32.281674,1558370,Japan,FAILED,,Failed to load download page (Status: No response)
2026-09-22T18:15:33.307583,408214,South Korea,SUCCESS,server_408214.ovpn,
2026-09-22T18:15:35.427181,298115,South Korea,SUCCESS,server_298115.ovpn,
2026-09-22T18:15:35.989710,1083977,South Korea,SUCCESS,server_1083977.ovpn,
2026-09-22T18:15:38.903467,64470,Japan,SUCCESS,server_64470.ovpn,
2026-09-22T18:15:39.037410,1245823,Japan,SUCCESS,server_1245823.ovpn,
2026-09-22T18:15:39.293123,42488,Japan,SUCCESS,server_42488.ovpn,
2026-09-22T18:15:39.399420,378940,India,SUCCESS,server_378940.ovpn,
2026-09-22T18:15:43.478479,41695,Japan,SUCCESS,server_41695.ovpn,
2026-09-22T18:15:44.601408,2456302,Japan,SUCCESS,server_2456302.ovpn,
2026-09-22T18:15:46.354178,956882,South Korea,SUCCESS,server_956882.ovpn,
2026-09-22T18:15:46.607177,2231368,Japan,SUCCESS,server_2231368.ovpn,
2026-09-22T18:15:47.404651,49217,South Korea,SUCCESS,server_49217.ovpn,
2026-09-22T18:15:47.561352,702143,Russia,SUCCESS,server_702143.ovpn,
2026-09-22T18:15:51.957706,111396,Japan,SUCCESS,server_111396.ovpn,
2026-09-22T18:15:52.327639,2343965,Japan,SUCCESS,server_2343965.ovpn,
2026-09-22T18:15:52.793389,1564134,South Korea,SUCCESS,server_1564134.ovpn,
2026-09-22T18:15:53.950522,905646,South Korea,SUCCESS,server_905646.ovpn,
2026-09-22T18:15:54.546428,48855,Japan,SUCCESS,server_48855.ovpn,
2026-09-22T18:15:55.063478,57099,South Korea,SUCCESS,server_57099.ovpn,
2026-09-22T18:15:59.520207,61737,Japan,SUCCESS,server_61737.ovpn,
2026-09-22T18:15:59.530913,43966,Japan,SUCCESS,server_43966.ovpn,
2026-09-22T18:15:59.951719,67994,South Korea,FAILED,,Failed to load download page (Status: No response)
2026-09-22T18:16:00.474871,45386,South Korea,SUCCESS,server_45386.ovpn,
2026-09-22T18:16:01.326315,154495,USA,SUCCESS,server_154495.ovpn,
2026-09-22T18:16:01.367279,1370352,Japan,SUCCESS,server_1370352.ovpn,
2026-09-22T18:16:05.457203,2366956,Japan,SUCCESS,server_2366956.ovpn,
2026-09-22T18:16:06.309013,111772,Japan,SUCCESS,server_111772.ovpn,
2026-09-22T18:16:06.510254,122986,Japan,SUCCESS,server_122986.ovpn,
2026-09-22T18:16:06.558423,2053590,Spain,FAILED,,Failed to load download page (Status: No response)
2026-09-22T18:16:07.620356,3607973,Singapore,SUCCESS,server_3607973.ovpn,
2026-09-22T18:16:07.803070,1692488,Japan,SUCCESS,server_1692488.ovpn,
2026-09-22T18:16:13.436164,66203,South Korea,SUCCESS,server_66203.ovpn,
2026-09-22T18:16:13.480290,880559,Japan,SUCCESS,server_880559.ovpn,
2026-09-22T18:16:14.357358,1602618,Japan,SUCCESS,server_1602618.ovpn,
2026-09-22T18:16:15.228276,2380825,South Korea,SUCCESS,server_2380825.ovpn,
2026-09-22T18:16:16.107344,693062,South Korea,SUCCESS,server_693062.ovpn,
2026-09-22T18:16:17.127235,128992,South Korea,SUCCESS,server_128992.ovpn,
2026-09-22T18:16:23.079091,137787,South Korea,SUCCESS,server_137787.ovpn,
2026-09-22T18:16:23.432552,1705961,Japan,SUCCESS,server_1705961.ovpn,
2026-09-22T18:16:23.843865,346624,South Korea,SUCCESS,server_346624.ovpn,
2026-09-22T18:16:24.353140,87637,South Korea,SUCCESS,server_87637.ovpn,
2026-09-22T18:16:25.344261,80142,Japan,SUCCESS,server_80142.ovpn,
2026-09-22T18:16:25.372220,630493,South Korea,SUCCESS,server_630493.ovpn,
2026-09-22T18:16:28.986116,2167786,Japan,FAILED,,Failed to load download page (Status: No response)
2026-09-22T18:16:29.613243,954332,Japan,FAILED,,Failed to load download page (Status: No response)
2026-09-22T18:16:31.269065,108116,South Korea,SUCCESS,server_108116.ovpn,
2026-09-22T18:16:31.392815,1145788,USA,SUCCESS,server_1145788.ovpn,
2026-09-22T18:16:32.257158,1030111,Japan,SUCCESS,server_1030111.ovpn,
2026-09-22T18:16:32.864146,3420762,South Korea,SUCCESS,server_3420762.ovpn,
2026-09-22T18:16:35.346021,1394633,South Korea,SUCCESS,server_1394633.ovpn,
2026-09-22T18:16:37.176899,2288193,South Korea,SUCCESS,server_2288193.ovpn,
2026-09-22T18:16:40.941089,3677402,Japan,SUCCESS,server_3677402.ovpn,
2026-09-22T18:16:41.247676,3339246,South Korea,SUCCESS,server_3339246.ovpn,
2026-09-22T18:16:41.710001,100026,South Korea,SUCCESS,server_100026.ovpn,
2026-09-22T18:16:44.064683,955915,Japan,SUCCESS,server_955915.ovpn,
2026-09-22T18:16:44.710380,1656522,Japan,SUCCESS,server_1656522.ovpn,
2026-09-22T18:16:46.152998,1654674,Japan,SUCCESS,server_1654674.ovpn,
2026-09-22T18:16:47.245747,1836089,South Korea,SUCCESS,server_1836089.ovpn,
2026-09-22T18:16:48.888427,137463,South Korea,SUCCESS,server_137463.ovpn,
2026-09-22T18:16:52.116771,1908611,Japan,SUCCESS,server_1908611.ovpn,
2026-09-22T18:16:53.873248,1755794,Japan,SUCCESS,server_1755794.ovpn,
2026-09-22T18:16:54.180383,51478,Japan,SUCCESS,server_51478.ovpn,
2026-09-22T18:16:58.849953,904256,Canada,SUCCESS,server_904256.ovpn,
2026-09-22T18:16:59.563629,479929,South Korea,SUCCESS,server_479929.ovpn,
2026-09-22T18:17:00.629895,1808634,South Korea,SUCCESS,server_1808634.ovpn,
2026-09-22T18:17:01.222030,149634,South Korea,SUCCESS,server_149634.ovpn,
2026-09-22T18:17:01.851030,1587280,Romania,FAILED,,Failed to load download page (Status: No response)
2026-09-22T18:17:04.317467,1216030,Japan,SUCCESS,server_1216030.ovpn,
2026-09-22T18:17:05.097508,1474255,New Zealand,SUCCESS,server_1474255.ovpn,
2026-09-22T18:17:07.008683,44757,Japan,SUCCESS,server_44757.ovpn,
2026-09-22T18:17:07.525004,60462,South Korea,SUCCESS,server_60462.ovpn,
2026-09-22T18:17:07.992200,72965,Japan,SUCCESS,server_72965.ovpn,
2026-09-22T18:17:09.104773,864147,Japan,SUCCESS,server_864147.ovpn,
2026-09-22T18:17:10.291378,1934490,Japan,SUCCESS,server_1934490.ovpn,
2026-09-22T18:17:10.919831,712283,Japan,SUCCESS,server_712283.ovpn,
2026-09-22T18:17:12.811744,61246,Japan,SUCCESS,server_61246.ovpn,
2026-09-22T18:17:14.357774,75274,Japan,SUCCESS,server_75274.ovpn,
2026-09-22T18:17:14.598920,1261976,Japan,SUCCESS,server_1261976.ovpn,
2026-09-22T18:17:15.236117,80652,South Korea,SUCCESS,server_80652.ovpn,
2026-09-22T18:17:15.236606,735971,Japan,SUCCESS,server_735971.ovpn,
2026-09-22T18:17:16.896718,841942,South Korea,SUCCESS,server_841942.ovpn,
2026-09-22T18:17:19.725370,918124,Japan,SUCCESS,server_918124.ovpn,
2026-09-22T18:17:21.456485,1647435,South Korea,SUCCESS,server_1647435.ovpn,
2026-09-22T18:17:21.866786,950989,USA,SUCCESS,server_950989.ovpn,
2026-09-22T18:17:21.914842,964382,South Korea,SUCCESS,server_964382.ovpn,
2026-09-22T18:17:25.016658,820567,Japan,SUCCESS,server_820567.ovpn,
2026-09-22T18:17:25.114484,838721,Japan,SUCCESS,server_838721.ovpn,
2026-09-22T18:17:27.001683,60443,Japan,SUCCESS,server_60443.ovpn,
2026-09-22T18:17:27.132680,2281714,South Korea,SUCCESS,server_2281714.ovpn,
2026-09-22T18:17:29.684330,1617244,South Korea,SUCCESS,server_1617244.ovpn,
2026-09-22T18:17:30.234539,50570,Japan,SUCCESS,server_50570.ovpn,
2026-09-22T18:17:31.240311,325155,Japan,SUCCESS,server_325155.ovpn,
2026-09-22T18:17:32.629528,181292,Russia,SUCCESS,server_181292.ovpn,
2026-09-22T18:17:32.965536,1368751,South Korea,SUCCESS,server_1368751.ovpn,
2026-09-22T18:17:33.698233,1298649,South Korea,SUCCESS,server_1298649.ovpn,
2026-09-22T18:17:37.459544,2250020,Japan,SUCCESS,server_2250020.ovpn,
2026-09-22T18:17:37.642021,918772,Japan,SUCCESS,server_918772.ovpn,
2026-09-22T18:17:38.372314,1204758,South Korea,SUCCESS,server_1204758.ovpn,
2026-09-22T18:17:38.391052,43157,Japan,SUCCESS,server_43157.ovpn,
2026-09-22T18:17:39.373568,2251644,Japan,SUCCESS,server_2251644.ovpn,
2026-09-22T18:17:39.470362,2235653,Japan,SUCCESS,server_2235653.ovpn,
2026-09-22T18:17:44.367455,2069738,South Korea,SUCCESS,server_2069738.ovpn,
2026-09-22T18:17:44.689943,1012170,Japan,SUCCESS,server_1012170.ovpn,
2026-09-22T18:17:45.503348,879466,USA,SUCCESS,server_879466.ovpn,
2026-09-22T18:17:46.777657,741679,Japan,SUCCESS,server_741679.ovpn,
2026-09-22T18:17:47.131259,299862,Japan,SUCCESS,server_299862.ovpn,
2026-09-22T18:17:48.116616,901744,South Korea,SUCCESS,server_901744.ovpn,
2026-09-22T18:17:50.370455,117183,Japan,SUCCESS,server_117183.ovpn,
2026-09-22T18:17:52.281450,75254,South Korea,SUCCESS,server_75254.ovpn,
2026-09-22T18:17:52.851507,1420184,Japan,SUCCESS,server_1420184.ovpn,
2026-09-22T18:17:54.246168,115985,Japan,SUCCESS,server_115985.ovpn,
2026-09-22T18:17:54.514606,41640,Japan,SUCCESS,server_41640.ovpn,
2026-09-22T18:17:54.549301,119490,Hong Kong,SUCCESS,server_119490.ovpn,
2026-09-22T18:17:56.134372,52368,Japan,SUCCESS,server_52368.ovpn,
2026-09-22T18:17:57.852462,1846149,South Korea,SUCCESS,server_1846149.ovpn,
2026-09-22T18:18:01.814585,60317,South Korea,SUCCESS,server_60317.ovpn,
2026-09-22T18:18:02.028169,849335,Japan,SUCCESS,server_849335.ovpn,
2026-09-22T18:18:03.822018,160984,South Korea,SUCCESS,server_160984.ovpn,
2026-09-22T18:18:04.764231,107649,Japan,SUCCESS,server_107649.ovpn,
2026-09-22T18:18:05.119524,1568507,Japan,SUCCESS,server_1568507.ovpn,
2026-09-22T18:18:05.725182,43293,Japan,SUCCESS,server_43293.ovpn,
2026-09-22T18:18:06.964515,950145,Croatia (Hrvatska),SUCCESS,server_950145.ovpn,
2026-09-22T18:18:07.629399,2227728,South Korea,SUCCESS,server_2227728.ovpn,
2026-09-22T18:18:10.215701,70421,South Korea,SUCCESS,server_70421.ovpn,
2026-09-22T18:18:11.026672,59292,South Korea,SUCCESS,server_59292.ovpn,
2026-09-22T18:18:11.139070,2004781,Japan,SUCCESS,server_2004781.ovpn,
2026-09-22T18:18:11.688408,1848033,South Korea,SUCCESS,server_1848033.ovpn,
2026-09-22T18:18:12.587271,49327,South Korea,SUCCESS,server_49327.ovpn,
2026-09-22T18:18:12.820296,44346,South Korea,SUCCESS,server_44346.ovpn,
2026-09-22T18:18:15.334197,76844,South Korea,SUCCESS,server_76844.ovpn,
2026-09-22T18:18:16.271349,49205,Japan,SUCCESS,server_49205.ovpn,
2026-09-22T18:18:17.430867,2250015,Japan,SUCCESS,server_2250015.ovpn,
2026-09-22T18:18:17.647229,2014081,South Korea,SUCCESS,server_2014081.ovpn,
2026-09-22T18:18:17.875541,2002027,Bulgaria,FAILED,,Failed to load download page (Status: No response)
2026-09-22T18:18:18.582856,2085487,Japan,SUCCESS,server_2085487.ovpn,
2026-09-22T18:18:21.007961,2534077,South Korea,SUCCESS,server_2534077.ovpn,
2026-09-22T18:18:21.889187,49468,Japan,SUCCESS,server_49468.ovpn,
2026-09-22T18:18:22.958916,3346105,Japan,SUCCESS,server_3346105.ovpn,
2026-09-22T18:18:23.113836,122714,South Korea,SUCCESS,server_122714.ovpn,
2026-09-22T18:18:24.443148,1450595,USA,SUCCESS,server_1450595.ovpn,
2026-09-22T18:18:24.829153,3490677,Japan,SUCCESS,server_3490677.ovpn,
2026-09-22T18:18:27.066079,82917,Japan,SUCCESS,server_82917.ovpn,
2026-09-22T18:18:27.376844,378938,Japan,SUCCESS,server_378938.ovpn,
2026-09-22T18:18:27.921071,67993,Japan,SUCCESS,server_67993.ovpn,
2026-09-22T18:18:28.684140,84488,Japan,SUCCESS,server_84488.ovpn,
2026-09-22T18:18:30.000206,857365,South Korea,SUCCESS,server_857365.ovpn,
2026-09-22T18:18:30.798361,1466626,South Korea,SUCCESS,server_1466626.ovpn,
2026-09-22T18:18:33.203920,138970,South Korea,SUCCESS,server_138970.ovpn,
2026-09-22T18:18:34.462694,876346,USA,SUCCESS,server_876346.ovpn,
2026-09-22T18:18:34.944073,995710,Japan,SUCCESS,server_995710.ovpn,
2026-09-22T18:18:35.039615,687738,South Korea,SUCCESS,server_687738.ovpn,
2026-09-22T18:18:36.116741,81536,South Korea,SUCCESS,server_81536.ovpn,
2026-09-22T18:18:36.716060,144180,Japan,SUCCESS,server_144180.ovpn,
2026-09-22T18:18:39.091086,83979,South Korea,SUCCESS,server_83979.ovpn,
2026-09-22T18:18:40.050968,361803,Japan,SUCCESS,server_361803.ovpn,
2026-09-22T18:18:41.163698,149147,South Korea,SUCCESS,server_149147.ovpn,
2026-09-22T18:18:42.069015,1670201,Japan,SUCCESS,server_1670201.ovpn,
2026-09-22T18:18:42.847199,68400,South Korea,FAILED,,Failed to load download page (Status: No response)
2026-09-22T18:18:43.115893,103283,Japan,SUCCESS,server_103283.ovpn,
2026-09-22T18:18:44.517162,148521,Netherlands,SUCCESS,server_148521.ovpn,
2026-09-22T18:18:44.558984,2275151,South Korea,SUCCESS,server_2275151.ovpn,
2026-09-22T18:18:45.916912,236608,Australia,SUCCESS,server_236608.ovpn,
2026-09-22T18:18:47.610586,3611750,Japan,SUCCESS,server_3611750.ovpn,
2026-09-22T18:18:48.122722,148297,Japan,SUCCESS,server_148297.ovpn,
2026-09-22T18:18:48.351555,53110,Japan,SUCCESS,server_53110.ovpn,
2026-09-22T18:18:50.046285,110874,South Korea,SUCCESS,server_110874.ovpn,
2026-09-22T18:18:50.305667,2172359,Japan,SUCCESS,server_2172359.ovpn,
2026-09-22T18:18:51.492874,137416,South Korea,SUCCESS,server_137416.ovpn,
2026-09-22T18:18:52.801687,52848,Japan,SUCCESS,server_52848.ovpn,
2026-09-22T18:18:54.306892,634835,Japan,SUCCESS,server_634835.ovpn,
2026-09-22T18:18:54.353373,3074409,Japan,SUCCESS,server_3074409.ovpn,
2026-09-22T18:18:55.010763,101100,Japan,SUCCESS,server_101100.ovpn,
2026-09-22T18:18:56.984849,43697,Japan,SUCCESS,server_43697.ovpn,
2026-09-22T18:18:57.660957,53305,Japan,SUCCESS,server_53305.ovpn,
2026-09-22T18:18:59.038590,1916279,Japan,SUCCESS,server_1916279.ovpn,
2026-09-22T18:18:59.117675,121610,Ireland,SUCCESS,server_121610.ovpn,
2026-09-22T18:19:00.774054,315449,Japan,SUCCESS,server_315449.ovpn,
2026-09-22T18:19:00.846851,913242,USA,SUCCESS,server_913242.ovpn,
2026-09-22T18:19:03.673835,1628851,South Korea,SUCCESS,server_1628851.ovpn,
2026-09-22T18:19:04.747843,1042538,Japan,SUCCESS,server_1042538.ovpn,
2026-09-22T18:19:04.852358,984541,Japan,SUCCESS,server_984541.ovpn,
2026-09-22T18:19:05.412476,1732126,South Korea,SUCCESS,server_1732126.ovpn,
2026-09-22T18:19:06.637573,47042,Japan,SUCCESS,server_47042.ovpn,
2026-09-22T18:19:07.265727,43967,Japan,SUCCESS,server_43967.ovpn,
2026-09-22T18:19:09.402711,1586473,Japan,SUCCESS,server_1586473.ovpn,
2026-09-22T18:19:10.862277,1673768,USA,SUCCESS,server_1673768.ovpn,
2026-09-22T18:19:11.345612,55945,South Korea,SUCCESS,server_55945.ovpn,
2026-09-22T18:19:11.874661,67230,South Korea,SUCCESS,server_67230.ovpn,
2026-09-22T18:19:12.566411,443098,Japan,SUCCESS,server_443098.ovpn,
2026-09-22T18:19:14.224613,670555,South Korea,SUCCESS,server_670555.ovpn,
2026-09-22T18:19:15.946767,59054,USA,SUCCESS,server_59054.ovpn,
2026-09-22T18:19:17.195503,48322,Japan,SUCCESS,server_48322.ovpn,
2026-09-22T18:19:17.510711,139071,Japan,SUCCESS,server_139071.ovpn,
2026-09-22T18:19:17.833359,1805477,South Korea,SUCCESS,server_1805477.ovpn,
2026-09-22T18:19:19.093334,72155,Japan,SUCCESS,server_72155.ovpn,
2026-09-22T18:19:19.792586,147496,Japan,SUCCESS,server_147496.ovpn,
2026-09-22T18:19:21.558617,3112930,USA,SUCCESS,server_3112930.ovpn,
2026-09-22T18:19:22.173313,108855,Australia,SUCCESS,server_108855.ovpn,
2026-09-22T18:19:23.571275,58417,South Korea,SUCCESS,server_58417.ovpn,
2026-09-22T18:19:23.883402,913227,Japan,SUCCESS,server_913227.ovpn,
2026-09-22T18:19:24.188640,47338,South Korea,SUCCESS,server_47338.ovpn,
2026-09-22T18:19:25.450722,1317342,South Korea,SUCCESS,server_1317342.ovpn,
2026-09-22T18:19:26.260658,3339251,Japan,SUCCESS,server_3339251.ovpn,
2026-09-22T18:19:26.797581,1859318,South Korea,SUCCESS,server_1859318.ovpn,
2026-09-22T18:19:28.100816,957373,South Korea,SUCCESS,server_957373.ovpn,
2026-09-22T18:19:28.849577,916851,South Korea,SUCCESS,server_916851.ovpn,
2026-09-22T18:19:29.849504,3325142,Japan,SUCCESS,server_3325142.ovpn,
2026-09-22T18:19:30.747681,41439,Japan,SUCCESS,server_41439.ovpn,
2026-09-22T18:19:31.818914,3524895,South Korea,SUCCESS,server_3524895.ovpn,
2026-09-22T18:19:32.275394,1227141,South Korea,SUCCESS,server_1227141.ovpn,
2026-09-22T18:19:33.003661,936615,South Korea,SUCCESS,server_936615.ovpn,
2026-09-22T18:19:35.341366,51965,Japan,SUCCESS,server_51965.ovpn,
2026-09-22T18:19:35.984295,113218,Japan,SUCCESS,server_113218.ovpn,
2026-09-22T18:19:36.128706,303301,Japan,SUCCESS,server_303301.ovpn,
2026-09-22T18:19:37.731593,2412076,Vietnam,SUCCESS,server_2412076.ovpn,
2026-09-22T18:19:38.049672,3135961,Japan,SUCCESS,server_3135961.ovpn,
2026-09-22T18:19:38.515873,3466020,Japan,SUCCESS,server_3466020.ovpn,
2026-09-22T18:19:41.416239,138037,Japan,SUCCESS,server_138037.ovpn,
2026-09-22T18:19:42.858551,728791,Japan,SUCCESS,server_728791.ovpn,
2026-09-22T18:19:44.394285,256437,South Korea,SUCCESS,server_256437.ovpn,
2026-09-22T18:19:45.566061,702850,South Korea,SUCCESS,server_702850.ovpn,
2026-09-22T18:19:46.159587,670411,Japan,SUCCESS,server_670411.ovpn,
2026-09-22T18:19:46.394555,1037043,South Korea,SUCCESS,server_1037043.ovpn,
2026-09-22T18:19:49.269520,858053,Japan,SUCCESS,server_858053.ovpn,
2026-09-22T18:19:49.922513,136054,Japan,SUCCESS,server_136054.ovpn,
2026-09-22T18:19:50.291763,1781418,Japan,FAILED,,Failed to load download page (Status: No response)
2026-09-22T18:19:51.954683,2191243,Russia,SUCCESS,server_2191243.ovpn,
2026-09-22T18:19:52.216576,983676,Japan,SUCCESS,server_983676.ovpn,
2026-09-22T18:19:52.951570,2136275,South Korea,SUCCESS,server_2136275.ovpn,
2026-09-22T18:19:55.246813,693646,Japan,SUCCESS,server_693646.ovpn,
2026-09-22T18:19:55.807162,2231366,South Korea,SUCCESS,server_2231366.ovpn,
2026-09-22T18:19:56.423080,665080,South Korea,SUCCESS,server_665080.ovpn,
2026-09-22T18:19:57.135574,2815396,Japan,SUCCESS,server_2815396.ovpn,
2026-09-22T18:19:58.034582,2130804,Japan,SUCCESS,server_2130804.ovpn,
2026-09-22T18:19:58.273202,47698,South Korea,SUCCESS,server_47698.ovpn,
2026-09-22T18:20:00.595279,829334,Japan,SUCCESS,server_829334.ovpn,
2026-09-22T18:20:02.010412,80794,South Korea,SUCCESS,server_80794.ovpn,
2026-09-22T18:20:03.355190,50571,Japan,SUCCESS,server_50571.ovpn,
2026-09-22T18:20:04.179442,126639,Japan,SUCCESS,server_126639.ovpn,
2026-09-22T18:20:04.643619,75096,Japan,SUCCESS,server_75096.ovpn,
2026-09-22T18:20:05.309288,52354,Japan,SUCCESS,server_52354.ovpn,
2026-09-22T18:20:06.476359,707909,Japan,SUCCESS,server_707909.ovpn,
2026-09-22T18:20:07.584523,72711,Vietnam,SUCCESS,server_72711.ovpn,
2026-09-22T18:20:09.172331,1485925,Japan,SUCCESS,server_1485925.ovpn,
2026-09-22T18:20:10.998232,257320,South Korea,SUCCESS,server_257320.ovpn,
2026-09-22T18:20:11.455457,1446777,Ukraine,SUCCESS,server_1446777.ovpn,
2026-09-22T18:20:11.666458,1149678,Japan,SUCCESS,server_1149678.ovpn,
2026-09-22T18:20:12.292444,73522,Japan,SUCCESS,server_73522.ovpn,
2026-09-22T18:20:14.847186,411694,South Korea,SUCCESS,server_411694.ovpn,
2026-09-22T18:20:15.484527,3135980,South Korea,SUCCESS,server_3135980.ovpn,
2026-09-22T18:20:17.098237,2360283,USA,SUCCESS,server_2360283.ovpn,
2026-09-22T18:20:18.653422,61620,Japan,SUCCESS,server_61620.ovpn,
2026-09-22T18:20:18.907442,52331,Japan,SUCCESS,server_52331.ovpn,
2026-09-22T18:20:19.821274,75809,Japan,FAILED,,Failed to load download page (Status: No response)
2026-09-22T18:20:20.174604,1556601,Japan,SUCCESS,server_1556601.ovpn,
2026-09-22T18:20:22.103413,178566,South Korea,SUCCESS,server_178566.ovpn,
2026-09-22T18:20:22.367082,51977,South Korea,SUCCESS,server_51977.ovpn,
2026-09-22T18:20:23.870725,2012398,USA,SUCCESS,server_2012398.ovpn,
2026-09-22T18:20:25.395276,86040,South Korea,SUCCESS,server_86040.ovpn,
2026-09-22T18:20:28.020299,47318,Japan,SUCCESS,server_47318.ovpn,
2026-09-22T18:20:28.110968,52319,Japan,SUCCESS,server_52319.ovpn,
2026-09-22T18:20:29.208763,397643,Japan,SUCCESS,server_397643.ovpn,
2026-09-22T18:20:30.024919,202039,South Korea,SUCCESS,server_202039.ovpn,
2026-09-22T18:20:30.472094,41692,Japan,SUCCESS,server_41692.ovpn,
2026-09-22T18:20:32.463974,2226973,Japan,SUCCESS,server_2226973.ovpn,
2026-09-22T18:20:34.125409,450283,Japan,FAILED,,Failed to load download page (Status: No response)
2026-09-22T18:20:35.891216,63838,South Korea,SUCCESS,server_63838.ovpn,
2026-09-22T18:20:36.020003,1596783,South Korea,SUCCESS,server_1596783.ovpn,
2026-09-22T18:20:36.264812,45161,Japan,SUCCESS,server_45161.ovpn,
2026-09-22T18:20:37.234906,1672922,Costa Rica,SUCCESS,server_1672922.ovpn,
2026-09-22T18:20:38.930292,846420,Japan,SUCCESS,server_846420.ovpn,
2026-09-22T18:20:40.292115,1997242,South Korea,SUCCESS,server_1997242.ovpn,
2026-09-22T18:20:43.859491,77162,Japan,SUCCESS,server_77162.ovpn,
2026-09-22T18:20:44.761936,480789,France,SUCCESS,server_480789.ovpn,
2026-09-22T18:20:46.896253,44618,Japan,SUCCESS,server_44618.ovpn,
2026-09-22T18:20:47.490133,2341719,South Korea,SUCCESS,server_2341719.ovpn,
2026-09-22T18:20:47.711165,72366,South Korea,SUCCESS,server_72366.ovpn,
2026-09-22T18:20:49.618921,849772,South Korea,SUCCESS,server_849772.ovpn,
2026-09-22T18:20:52.440068,1555645,South Korea,SUCCESS,server_1555645.ovpn,
2026-09-22T18:20:53.058922,83999,South Korea,SUCCESS,server_83999.ovpn,
2026-09-22T18:20:54.364858,53324,Japan,SUCCESS,server_53324.ovpn,
2026-09-22T18:20:54.774882,46005,South Korea,SUCCESS,server_46005.ovpn,
2026-09-22T18:20:54.889054,148530,USA,SUCCESS,server_148530.ovpn,
2026-09-22T18:20:55.005187,95374,Japan,SUCCESS,server_95374.ovpn,
2026-09-22T18:20:58.320337,844689,South Korea,SUCCESS,server_844689.ovpn,
2026-09-22T18:21:01.060005,833662,South Korea,SUCCESS,server_833662.ovpn,
2026-09-22T18:21:02.177026,837258,South Korea,SUCCESS,server_837258.ovpn,
2026-09-22T18:21:03.250981,2211414,Japan,SUCCESS,server_2211414.ovpn,
2026-09-22T18:21:03.445099,1263008,South Korea,SUCCESS,server_1263008.ovpn,
2026-09-22T18:21:03.947900,74677,South Korea,SUCCESS,server_74677.ovpn,
2026-09-22T18:21:07.479791,61143,Ukraine,SUCCESS,server_61143.ovpn,
2026-09-22T18:21:08.755946,2094699,South Korea,SUCCESS,server_2094699.ovpn,
2026-09-22T18:21:09.241932,46422,South Korea,SUCCESS,server_46422.ovpn,
2026-09-22T18:21:09.609897,72751,Japan,SUCCESS,server_72751.ovpn,
2026-09-22T18:21:12.076635,42920,Japan,SUCCESS,server_42920.ovpn,
2026-09-22T18:21:12.189077,909076,South Korea,SUCCESS,server_909076.ovpn,
2026-09-22T18:21:13.229916,99491,South Korea,SUCCESS,server_99491.ovpn,
2026-09-22T18:21:14.361076,44389,Japan,FAILED,,Failed to load download page (Status: No response)
2026-09-22T18:21:16.721630,41645,Japan,SUCCESS,server_41645.ovpn,
2026-09-22T18:21:17.581557,139700,Japan,SUCCESS,server_139700.ovpn,
2026-09-22T18:21:18.203207,97452,South Korea,SUCCESS,server_97452.ovpn,
2026-09-22T18:21:19.988753,122984,Japan,SUCCESS,server_122984.ovpn,
2026-09-22T18:21:20.226866,660427,Japan,SUCCESS,server_660427.ovpn,
2026-09-22T18:21:20.484877,3437790,UK,SUCCESS,server_3437790.ovpn,
2026-09-22T18:21:23.452052,127510,USA,SUCCESS,server_127510.ovpn,
2026-09-22T18:21:24.803755,848876,Japan,SUCCESS,server_848876.ovpn,
2026-09-22T18:21:25.347708,45146,Japan,SUCCESS,server_45146.ovpn,
2026-09-22T18:21:26.174498,1217609,Japan,SUCCESS,server_1217609.ovpn,
2026-09-22T18:21:26.344423,2108653,Japan,SUCCESS,server_2108653.ovpn,
2026-09-22T18:21:27.171765,904730,Japan,SUCCESS,server_904730.ovpn,
2026-09-22T18:21:28.484632,69315,South Korea,SUCCESS,server_69315.ovpn,
2026-09-22T18:21:30.469496,990288,Japan,SUCCESS,server_990288.ovpn,
2026-09-22T18:21:32.551701,58416,South Korea,SUCCESS,server_58416.ovpn,
2026-09-22T18:21:33.349883,765334,South Korea,SUCCESS,server_765334.ovpn,
2026-09-22T18:21:34.166681,1878062,Hungary,SUCCESS,server_1878062.ovpn,
2026-09-22T18:21:35.221883,75436,Japan,SUCCESS,server_75436.ovpn,
2026-09-22T18:21:35.609708,960978,South Korea,SUCCESS,server_960978.ovpn,
2026-09-22T18:21:38.637752,3632584,Japan,SUCCESS,server_3632584.ovpn,
2026-09-22T18:21:39.550150,43943,Japan,SUCCESS,server_43943.ovpn,
2026-09-22T18:21:40.364795,3342680,South Korea,SUCCESS,server_3342680.ovpn,
2026-09-22T18:21:43.397347,43698,Japan,SUCCESS,server_43698.ovpn,
2026-09-22T18:21:43.479941,1046569,South Korea,SUCCESS,server_1046569.ovpn,
2026-09-22T18:21:43.632431,787136,Japan,SUCCESS,server_787136.ovpn,
2026-09-22T18:21:49.754723,2014076,South Korea,SUCCESS,server_2014076.ovpn,
2026-09-22T18:21:49.817759,112006,South Korea,SUCCESS,server_112006.ovpn,
2026-09-22T18:21:51.190411,211933,South Korea,SUCCESS,server_211933.ovpn,
2026-09-22T18:21:53.212701,2289770,Japan,SUCCESS,server_2289770.ovpn,
2026-09-22T18:21:53.477351,100022,South Korea,SUCCESS,server_100022.ovpn,
2026-09-22T18:21:55.137526,85075,Japan,SUCCESS,server_85075.ovpn,
2026-09-22T18:21:57.037535,1159084,South Korea,SUCCESS,server_1159084.ovpn,
2026-09-22T18:21:59.136106,148516,France,SUCCESS,server_148516.ovpn,
2026-09-22T18:21:59.520578,44768,Japan,SUCCESS,server_44768.ovpn,
2026-09-22T18:22:01.963449,94662,Japan,SUCCESS,server_94662.ovpn,
2026-09-22T18:22:02.403584,148514,France,SUCCESS,server_148514.ovpn,
2026-09-22T18:22:02.444660,72161,Japan,SUCCESS,server_72161.ovpn,
2026-09-22T18:22:03.554641,2381714,Indonesia,SUCCESS,server_2381714.ovpn,
2026-09-22T18:22:05.171494,43847,Japan,SUCCESS,server_43847.ovpn,
2026-09-22T18:22:05.940068,2288197,Japan,SUCCESS,server_2288197.ovpn,
2026-09-22T18:22:08.642702,2027736,Japan,SUCCESS,server_2027736.ovpn,
2026-09-22T18:22:09.636694,138266,South Korea,SUCCESS,server_138266.ovpn,
2026-09-22T18:22:09.685503,1690592,South Korea,SUCCESS,server_1690592.ovpn,
2026-09-22T18:22:10.189659,1997958,Japan,SUCCESS,server_1997958.ovpn,
2026-09-22T18:22:12.799442,322408,South Korea,SUCCESS,server_322408.ovpn,
2026-09-22T18:22:13.002477,2625013,Spain,SUCCESS,server_2625013.ovpn,
2026-09-22T18:22:17.647199,99925,South Korea,SUCCESS,server_99925.ovpn,
2026-09-22T18:22:19.387480,63155,South Korea,SUCCESS,server_63155.ovpn,
2026-09-22T18:22:20.343561,41866,South Korea,SUCCESS,server_41866.ovpn,
2026-09-22T18:22:20.979003,87976,Japan,SUCCESS,server_87976.ovpn,
2026-09-22T18:22:21.918330,1904669,Croatia (Hrvatska),SUCCESS,server_1904669.ovpn,
2026-09-22T18:22:23.393287,52832,South Korea,SUCCESS,server_52832.ovpn,
2026-09-22T18:22:24.696381,147561,South Korea,SUCCESS,server_147561.ovpn,
2026-09-22T18:22:28.631126,1447752,Japan,SUCCESS,server_1447752.ovpn,
2026-09-22T18:22:30.304403,1371871,Japan,SUCCESS,server_1371871.ovpn,
2026-09-22T18:22:31.656224,950279,Japan,SUCCESS,server_950279.ovpn,
2026-09-22T18:22:32.266177,879167,South Korea,SUCCESS,server_879167.ovpn,
2026-09-22T18:22:32.857194,918260,Japan,SUCCESS,server_918260.ovpn,
2026-09-22T18:22:32.875276,42615,Japan,SUCCESS,server_42615.ovpn,
2026-09-22T18:22:35.070290,1872752,Japan,SUCCESS,server_1872752.ovpn,
2026-09-22T18:22:37.691526,44102,Japan,SUCCESS,server_44102.ovpn,
2026-09-22T18:22:39.208615,1249056,South Korea,SUCCESS,server_1249056.ovpn,
2026-09-22T18:22:39.647147,298121,South Korea,SUCCESS,server_298121.ovpn,
2026-09-22T18:22:40.058349,2192010,Japan,SUCCESS,server_2192010.ovpn,
2026-09-22T18:22:41.787104,1383487,Japan,SUCCESS,server_1383487.ovpn,
2026-09-22T18:22:42.457426,49310,Japan,SUCCESS,server_49310.ovpn,
2026-09-22T18:22:45.916995,1806518,South Korea,SUCCESS,server_1806518.ovpn,
2026-09-22T18:22:46.855674,1073341,Japan,SUCCESS,server_1073341.ovpn,
2026-09-22T18:22:47.044194,2059401,Japan,SUCCESS,server_2059401.ovpn,
2026-09-22T18:22:49.591206,2268505,Japan,SUCCESS,server_2268505.ovpn,
2026-09-22T18:22:50.933299,835434,South Korea,SUCCESS,server_835434.ovpn,
2026-09-22T18:22:51.713174,68480,Japan,SUCCESS,server_68480.ovpn,
2026-09-22T18:22:53.863434,3611775,South Korea,SUCCESS,server_3611775.ovpn,
2026-09-22T18:22:54.007199,148518,Canada,SUCCESS,server_148518.ovpn,
2026-09-22T18:22:55.792616,111922,South Korea,SUCCESS,server_111922.ovpn,
2026-09-22T18:22:58.588424,1204712,Japan,SUCCESS,server_1204712.ovpn,
2026-09-22T18:23:00.436657,143978,USA,SUCCESS,server_143978.ovpn,
2026-09-22T18:23:02.344183,99157,South Korea,SUCCESS,server_99157.ovpn,
2026-09-22T18:23:03.214670,3653818,Japan,SUCCESS,server_3653818.ovpn,
2026-09-22T18:23:04.986922,1575605,Japan,SUCCESS,server_1575605.ovpn,
2026-09-22T18:23:05.105204,1175082,South Korea,SUCCESS,server_1175082.ovpn,
2026-09-22T18:23:06.997100,2077749,USA,SUCCESS,server_2077749.ovpn,
2026-09-22T18:23:07.937077,922834,Japan,SUCCESS,server_922834.ovpn,
2026-09-22T18:23:11.279414,879217,South Korea,SUCCESS,server_879217.ovpn,
2026-09-22T18:23:11.466470,1715740,Japan,SUCCESS,server_1715740.ovpn,
2026-09-22T18:23:11.581246,901986,Russia,SUCCESS,server_901986.ovpn,
2026-09-22T18:23:12.839201,910507,Japan,SUCCESS,server_910507.ovpn,
2026-09-22T18:23:13.945650,147977,South Korea,SUCCESS,server_147977.ovpn,
2026-09-22T18:23:14.554105,1815216,South Korea,SUCCESS,server_1815216.ovpn,
2026-09-23T00:38:28.618218,940066,South Korea,SUCCESS,server_940066.ovpn,
2026-09-23T00:38:29.625819,66474,Japan,SUCCESS,server_66474.ovpn,
2026-09-23T00:38:30.169456,370700,Japan,SUCCESS,server_370700.ovpn,
2026-09-23T00:38:38.851521,878752,Japan,SUCCESS,server_878752.ovpn,
2026-09-23T00:38:40.195278,944068,USA,SUCCESS,server_944068.ovpn,
2026-09-23T00:38:40.313192,128981,Japan,SUCCESS,server_128981.ovpn,
2026-09-23T00:38:40.574150,3650323,South Korea,SUCCESS,server_3650323.ovpn,
2026-09-23T00:38:40.869111,2126948,Japan,SUCCESS,server_2126948.ovpn,
2026-09-23T00:38:44.223091,1865414,Japan,SUCCESS,server_1865414.ovpn,
2026-09-23T00:38:48.164038,3220544,Spain,SUCCESS,server_3220544.ovpn,
2026-09-23T00:38:51.784934,3558713,Japan,SUCCESS,server_3558713.ovpn,
2026-09-23T00:38:51.866801,630443,Japan,SUCCESS,server_630443.ovpn,
2026-09-23T00:38:54.555343,1170342,Japan,SUCCESS,server_1170342.ovpn,
2026-09-23T00:38:55.992917,1479803,South Korea,SUCCESS,server_1479803.ovpn,
2026-09-23T00:38:56.186023,343071,Japan,SUCCESS,server_343071.ovpn,
2026-09-23T00:38:58.605722,833705,South Korea,SUCCESS,server_833705.ovpn,
2026-09-23T00:39:02.585222,1881905,Japan,SUCCESS,server_1881905.ovpn,
2026-09-23T00:39:02.618075,897587,USA,SUCCESS,server_897587.ovpn,
2026-09-23T00:39:02.762192,752395,Japan,SUCCESS,server_752395.ovpn,
2026-09-23T00:39:02.848511,46780,Japan,SUCCESS,server_46780.ovpn,
2026-09-23T00:39:02.908171,110194,South Korea,SUCCESS,server_110194.ovpn,
2026-09-23T00:39:05.054864,986540,South Korea,SUCCESS,server_986540.ovpn,
2026-09-23T00:39:08.673895,2534057,South Korea,SUCCESS,server_2534057.ovpn,
2026-09-23T00:39:11.177331,133844,Japan,SUCCESS,server_133844.ovpn,
2026-09-23T00:39:11.220233,57783,Japan,SUCCESS,server_57783.ovpn,
2026-09-23T00:39:11.355314,852498,South Korea,SUCCESS,server_852498.ovpn,
2026-09-23T00:39:11.413772,148910,Bulgaria,SUCCESS,server_148910.ovpn,
2026-09-23T00:39:11.887952,951299,European Union,SUCCESS,server_951299.ovpn,
2026-09-23T00:39:16.181029,47044,Japan,SUCCESS,server_47044.ovpn,
2026-09-23T00:39:16.235855,138263,Japan,SUCCESS,server_138263.ovpn,
2026-09-23T00:39:20.731595,2398336,France,SUCCESS,server_2398336.ovpn,
2026-09-23T00:39:20.890985,1402685,South Korea,SUCCESS,server_1402685.ovpn,
2026-09-23T00:39:21.849866,42707,Japan,SUCCESS,server_42707.ovpn,
2026-09-23T00:39:22.565937,48391,South Korea,SUCCESS,server_48391.ovpn,
2026-09-23T00:39:25.720506,2204578,Japan,SUCCESS,server_2204578.ovpn,
2026-09-23T00:39:28.165073,2028597,Japan,SUCCESS,server_2028597.ovpn,
2026-09-23T00:39:31.042004,952615,South Korea,SUCCESS,server_952615.ovpn,
2026-09-23T00:39:33.839009,48075,South Korea,SUCCESS,server_48075.ovpn,
2026-09-23T00:39:35.701200,1405822,Japan,SUCCESS,server_1405822.ovpn,
2026-09-23T00:39:36.138654,1918018,South Korea,SUCCESS,server_1918018.ovpn,
2026-09-23T00:39:40.473751,943840,South Korea,SUCCESS,server_943840.ovpn,
2026-09-23T00:39:41.099775,962667,South Korea,SUCCESS,server_962667.ovpn,
2026-09-23T00:39:42.135710,917187,South Korea,SUCCESS,server_917187.ovpn,
2026-09-23T00:39:43.328762,1376107,South Korea,SUCCESS,server_1376107.ovpn,
2026-09-23T00:39:47.556813,152226,Japan,SUCCESS,server_152226.ovpn,
2026-09-23T00:39:49.943578,1866454,South Korea,SUCCESS,server_1866454.ovpn,
2026-09-23T00:39:50.759591,1214476,Japan,SUCCESS,server_1214476.ovpn,
2026-09-23T00:39:52.257885,1781425,South Korea,SUCCESS,server_1781425.ovpn,
2026-09-23T00:39:54.360287,101481,USA,SUCCESS,server_101481.ovpn,
2026-09-23T00:39:55.344567,72569,South Korea,SUCCESS,server_72569.ovpn,
2026-09-23T00:39:57.822615,42660,Japan,SUCCESS,server_42660.ovpn,
2026-09-23T00:40:01.968250,2058347,Japan,SUCCESS,server_2058347.ovpn,
2026-09-23T00:40:01.998093,1773224,South Korea,SUCCESS,server_1773224.ovpn,
2026-09-23T00:40:02.151735,3074417,Japan,SUCCESS,server_3074417.ovpn,
2026-09-23T00:40:07.474383,863347,Japan,SUCCESS,server_863347.ovpn,
2026-09-23T00:40:07.725514,101299,Japan,SUCCESS,server_101299.ovpn,
2026-09-23T00:40:10.662455,113035,South Korea,SUCCESS,server_113035.ovpn,
2026-09-23T00:40:11.779437,48840,Japan,SUCCESS,server_48840.ovpn,
2026-09-23T00:40:12.287543,910355,USA,SUCCESS,server_910355.ovpn,
2026-09-23T00:40:13.030285,1986252,Japan,SUCCESS,server_1986252.ovpn,
2026-09-23T00:40:17.552695,311035,Japan,SUCCESS,server_311035.ovpn,
2026-09-23T00:40:18.012412,45159,South Korea,SUCCESS,server_45159.ovpn,
2026-09-23T00:40:22.923916,53461,Japan,SUCCESS,server_53461.ovpn,
2026-09-23T00:40:24.917710,965954,Japan,SUCCESS,server_965954.ovpn,
2026-09-23T00:40:24.954644,916837,Japan,SUCCESS,server_916837.ovpn,
2026-09-23T00:40:25.426553,160973,Japan,SUCCESS,server_160973.ovpn,
2026-09-23T00:40:26.880512,65555,South Korea,SUCCESS,server_65555.ovpn,
2026-09-23T00:40:27.609842,663991,South Korea,SUCCESS,server_663991.ovpn,
2026-09-23T00:40:32.175329,682287,Japan,SUCCESS,server_682287.ovpn,
2026-09-23T00:40:33.151770,1973648,South Korea,SUCCESS,server_1973648.ovpn,
2026-09-23T00:40:33.621623,1292703,Japan,SUCCESS,server_1292703.ovpn,
2026-09-23T00:40:34.077255,1406061,UK,SUCCESS,server_1406061.ovpn,
2026-09-23T00:40:34.540644,2002012,Japan,SUCCESS,server_2002012.ovpn,
2026-09-23T00:40:34.712840,2191216,Japan,SUCCESS,server_2191216.ovpn,
2026-09-23T00:40:37.857925,112243,South Korea,SUCCESS,server_112243.ovpn,
2026-09-23T00:40:39.552685,951278,Japan,SUCCESS,server_951278.ovpn,
2026-09-23T00:40:40.798066,47335,South Korea,SUCCESS,server_47335.ovpn,
2026-09-23T00:40:41.747506,710028,South Korea,SUCCESS,server_710028.ovpn,
2026-09-23T00:40:42.822194,2815370,Japan,SUCCESS,server_2815370.ovpn,
2026-09-23T00:40:44.712281,2227727,Japan,SUCCESS,server_2227727.ovpn,
2026-09-23T00:40:44.791620,880724,Russia,SUCCESS,server_880724.ovpn,
2026-09-23T00:40:47.603151,48666,Japan,SUCCESS,server_48666.ovpn,
2026-09-23T00:40:49.598113,1760893,Japan,SUCCESS,server_1760893.ovpn,
2026-09-23T00:40:49.645782,220707,South Korea,SUCCESS,server_220707.ovpn,
2026-09-23T00:40:50.344135,914691,Japan,SUCCESS,server_914691.ovpn,
2026-09-23T00:40:51.488275,109633,South Korea,SUCCESS,server_109633.ovpn,
2026-09-23T00:40:51.842376,802725,Japan,SUCCESS,server_802725.ovpn,
2026-09-23T00:40:54.161948,2392571,Croatia (Hrvatska),SUCCESS,server_2392571.ovpn,
2026-09-23T00:40:55.936937,72563,South Korea,SUCCESS,server_72563.ovpn,
2026-09-23T00:40:56.272863,1880178,South Korea,SUCCESS,server_1880178.ovpn,
2026-09-23T00:40:56.594562,1075423,South Korea,SUCCESS,server_1075423.ovpn,
2026-09-23T00:40:57.697169,2044199,South Korea,SUCCESS,server_2044199.ovpn,
2026-09-23T00:40:58.375481,54575,South Korea,SUCCESS,server_54575.ovpn,
2026-09-23T00:40:59.422266,830830,Japan,SUCCESS,server_830830.ovpn,
2026-09-23T00:41:04.067505,778387,South Korea,SUCCESS,server_778387.ovpn,
2026-09-23T00:41:04.686321,59361,South Korea,SUCCESS,server_59361.ovpn,
2026-09-23T00:41:04.717334,856393,South Korea,SUCCESS,server_856393.ovpn,
2026-09-23T00:41:04.858349,88820,Japan,SUCCESS,server_88820.ovpn,
2026-09-23T00:41:05.000494,44386,Japan,SUCCESS,server_44386.ovpn,
2026-09-23T00:41:05.757914,343092,Japan,SUCCESS,server_343092.ovpn,
2026-09-23T00:41:09.107911,985955,South Korea,SUCCESS,server_985955.ovpn,
2026-09-23T00:41:09.588952,257321,Japan,SUCCESS,server_257321.ovpn,
2026-09-23T00:41:09.709110,127841,Japan,SUCCESS,server_127841.ovpn,
2026-09-23T00:41:12.020243,2391634,South Korea,SUCCESS,server_2391634.ovpn,
2026-09-23T00:41:12.581406,325080,South Korea,SUCCESS,server_325080.ovpn,
2026-09-23T00:41:14.385081,2280101,South Korea,SUCCESS,server_2280101.ovpn,
2026-09-23T00:41:14.436004,944940,Japan,SUCCESS,server_944940.ovpn,
2026-09-23T00:41:14.879901,2294562,Japan,SUCCESS,server_2294562.ovpn,
2026-09-23T00:41:17.053608,123183,Japan,SUCCESS,server_123183.ovpn,
2026-09-23T00:41:18.835440,41616,South Korea,SUCCESS,server_41616.ovpn,
2026-09-23T00:41:20.149533,153449,South Korea,SUCCESS,server_153449.ovpn,
2026-09-23T00:41:20.654109,52303,Japan,SUCCESS,server_52303.ovpn,
2026-09-23T00:41:21.187242,2440351,South Korea,SUCCESS,server_2440351.ovpn,
2026-09-23T00:41:22.157026,86138,Japan,SUCCESS,server_86138.ovpn,
2026-09-23T00:41:22.912023,2338187,Japan,SUCCESS,server_2338187.ovpn,
2026-09-23T00:41:26.106930,99554,Japan,SUCCESS,server_99554.ovpn,
2026-09-23T00:41:26.273807,951208,South Korea,SUCCESS,server_951208.ovpn,
2026-09-23T00:41:26.561023,1549936,Japan,SUCCESS,server_1549936.ovpn,
2026-09-23T00:41:26.654128,1479768,South Korea,SUCCESS,server_1479768.ovpn,
2026-09-23T00:41:27.650180,1624328,South Korea,SUCCESS,server_1624328.ovpn,
2026-09-23T00:41:28.993031,347900,Japan,SUCCESS,server_347900.ovpn,
2026-09-23T00:41:29.779015,2408360,Japan,SUCCESS,server_2408360.ovpn,
2026-09-23T00:41:33.654868,1846148,Russia,SUCCESS,server_1846148.ovpn,
2026-09-23T00:41:33.785927,57001,Japan,SUCCESS,server_57001.ovpn,
2026-09-23T00:41:34.203164,949051,South Korea,SUCCESS,server_949051.ovpn,
2026-09-23T00:41:34.335415,1577201,USA,SUCCESS,server_1577201.ovpn,
2026-09-23T00:41:34.768548,75090,Japan,SUCCESS,server_75090.ovpn,
2026-09-23T00:41:35.679170,2243344,USA,SUCCESS,server_2243344.ovpn,
2026-09-23T00:41:36.930170,110442,Japan,SUCCESS,server_110442.ovpn,
2026-09-23T00:41:39.815838,98941,Japan,SUCCESS,server_98941.ovpn,
2026-09-23T00:41:40.176618,176495,Japan,SUCCESS,server_176495.ovpn,
2026-09-23T00:41:41.521711,42538,South Korea,SUCCESS,server_42538.ovpn,
2026-09-23T00:41:41.570502,122270,South Korea,SUCCESS,server_122270.ovpn,
2026-09-23T00:41:43.014594,53089,Japan,SUCCESS,server_53089.ovpn,
2026-09-23T00:41:43.488596,1721777,South Korea,SUCCESS,server_1721777.ovpn,
2026-09-23T00:41:46.969878,182215,Japan,SUCCESS,server_182215.ovpn,
2026-09-23T00:41:48.071869,52347,Australia,SUCCESS,server_52347.ovpn,
2026-09-23T00:41:49.970455,67365,Japan,SUCCESS,server_67365.ovpn,
2026-09-23T00:41:50.960962,170358,Japan,SUCCESS,server_170358.ovpn,
2026-09-23T00:41:51.624843,840894,Japan,SUCCESS,server_840894.ovpn,
2026-09-23T00:41:51.967814,2815371,Japan,SUCCESS,server_2815371.ovpn,
2026-09-23T00:41:52.390667,68224,USA,SUCCESS,server_68224.ovpn,
2026-09-23T00:41:55.183433,915221,South Korea,SUCCESS,server_915221.ovpn,
2026-09-23T00:41:55.971781,64658,Japan,SUCCESS,server_64658.ovpn,
2026-09-23T00:41:58.522671,3587482,Japan,SUCCESS,server_3587482.ovpn,
2026-09-23T00:41:58.604805,43723,Japan,SUCCESS,server_43723.ovpn,
2026-09-23T00:41:58.987504,41651,Japan,SUCCESS,server_41651.ovpn,
2026-09-23T00:42:01.026530,676638,Japan,SUCCESS,server_676638.ovpn,
2026-09-23T00:42:01.086950,43705,Japan,SUCCESS,server_43705.ovpn,
2026-09-23T00:42:03.824776,956600,South Korea,SUCCESS,server_956600.ovpn,
2026-09-23T00:42:06.704499,262619,South Korea,SUCCESS,server_262619.ovpn,
2026-09-23T00:42:07.042820,950273,South Korea,SUCCESS,server_950273.ovpn,
2026-09-23T00:42:08.579451,686686,Japan,SUCCESS,server_686686.ovpn,
2026-09-23T00:42:08.766646,456701,France,SUCCESS,server_456701.ovpn,
2026-09-23T00:42:10.139713,79168,Japan,SUCCESS,server_79168.ovpn,
2026-09-23T00:42:10.692459,864206,Japan,SUCCESS,server_864206.ovpn,
2026-09-23T00:42:13.594328,3200329,Japan,SUCCESS,server_3200329.ovpn,
2026-09-23T00:42:13.738673,138493,South Korea,SUCCESS,server_138493.ovpn,
2026-09-23T00:42:13.898598,1799250,South Korea,SUCCESS,server_1799250.ovpn,
2026-09-23T00:42:15.281690,1868600,Japan,SUCCESS,server_1868600.ovpn,
2026-09-23T00:42:15.862672,1067970,South Korea,SUCCESS,server_1067970.ovpn,
2026-09-23T00:42:16.784713,761306,Japan,SUCCESS,server_761306.ovpn,
2026-09-23T00:42:20.038704,217952,Japan,FAILED,,Failed to load download page (Status: No response)
2026-09-23T00:42:20.278764,43691,Japan,SUCCESS,server_43691.ovpn,
2026-09-23T00:42:20.534764,41985,Japan,SUCCESS,server_41985.ovpn,
2026-09-23T00:42:22.846527,48037,Japan,SUCCESS,server_48037.ovpn,
2026-09-23T00:42:23.502516,828295,South Korea,SUCCESS,server_828295.ovpn,
2026-09-23T00:42:23.820564,1446343,Japan,SUCCESS,server_1446343.ovpn,
2026-09-23T00:42:26.395422,2141431,Russia,SUCCESS,server_2141431.ovpn,
2026-09-23T00:42:26.767567,781120,USA,SUCCESS,server_781120.ovpn,
2026-09-23T00:42:27.110413,99966,South Korea,SUCCESS,server_99966.ovpn,
2026-09-23T00:42:29.565134,2144532,Japan,SUCCESS,server_2144532.ovpn,
2026-09-23T00:42:29.815126,879611,Japan,SUCCESS,server_879611.ovpn,
2026-09-23T00:42:30.902542,2405669,Japan,SUCCESS,server_2405669.ovpn,
2026-09-23T00:42:31.834453,47336,Japan,SUCCESS,server_47336.ovpn,
2026-09-23T00:42:32.179564,665057,South Korea,SUCCESS,server_665057.ovpn,
2026-09-23T00:42:32.376566,2165960,Canada,SUCCESS,server_2165960.ovpn,
2026-09-23T00:42:35.203562,911369,Japan,SUCCESS,server_911369.ovpn,
2026-09-23T00:42:36.088519,1823572,South Korea,SUCCESS,server_1823572.ovpn,
2026-09-23T00:42:37.269532,143385,Japan,SUCCESS,server_143385.ovpn,
2026-09-23T00:42:37.716298,187307,South Korea,SUCCESS,server_187307.ovpn,
2026-09-23T00:42:37.857170,1688695,South Korea,SUCCESS,server_1688695.ovpn,
2026-09-23T00:42:38.785513,43948,Japan,SUCCESS,server_43948.ovpn,
2026-09-23T00:42:41.942456,55103,South Korea,SUCCESS,server_55103.ovpn,
2026-09-23T00:42:43.305347,100150,South Korea,SUCCESS,server_100150.ovpn,
2026-09-23T00:42:43.532646,1597832,Japan,SUCCESS,server_1597832.ovpn,
2026-09-23T00:42:44.471452,314581,Japan,SUCCESS,server_314581.ovpn,
2026-09-23T00:42:45.081756,439186,South Korea,SUCCESS,server_439186.ovpn,
2026-09-23T00:42:45.202962,121632,South Korea,SUCCESS,server_121632.ovpn,
2026-09-23T00:42:46.103648,58694,South Korea,SUCCESS,server_58694.ovpn,
2026-09-23T00:42:49.244441,2027679,South Korea,SUCCESS,server_2027679.ovpn,
2026-09-23T00:42:50.065449,863467,USA,SUCCESS,server_863467.ovpn,
2026-09-23T00:42:51.039478,321510,South Korea,SUCCESS,server_321510.ovpn,
2026-09-23T00:42:51.184341,52306,South Korea,SUCCESS,server_52306.ovpn,
2026-09-23T00:42:51.486579,63675,South Korea,SUCCESS,server_63675.ovpn,
2026-09-23T00:42:52.618508,47843,Japan,SUCCESS,server_47843.ovpn,
2026-09-23T00:42:54.712317,144265,Japan,SUCCESS,server_144265.ovpn,
2026-09-23T00:42:56.544565,147499,USA,SUCCESS,server_147499.ovpn,
2026-09-23T00:42:56.963584,59312,South Korea,SUCCESS,server_59312.ovpn,
2026-09-23T00:42:57.864362,2934344,South Korea,SUCCESS,server_2934344.ovpn,
2026-09-23T00:42:57.971500,840620,Japan,SUCCESS,server_840620.ovpn,
2026-09-23T00:42:59.999287,1535618,Japan,SUCCESS,server_1535618.ovpn,
2026-09-23T00:43:02.035166,1068990,South Korea,SUCCESS,server_1068990.ovpn,
2026-09-23T00:43:05.621670,2266605,Japan,SUCCESS,server_2266605.ovpn,
2026-09-23T00:43:05.916378,1634114,Japan,SUCCESS,server_1634114.ovpn,
2026-09-23T00:43:06.259219,1715694,South Korea,SUCCESS,server_1715694.ovpn,
2026-09-23T00:43:06.465102,1328999,Japan,SUCCESS,server_1328999.ovpn,
2026-09-23T00:43:08.574228,1457564,USA,SUCCESS,server_1457564.ovpn,
2026-09-23T00:43:08.665848,48370,Japan,SUCCESS,server_48370.ovpn,
2026-09-23T00:43:11.607507,75511,Japan,SUCCESS,server_75511.ovpn,
2026-09-23T00:43:11.796798,95814,South Korea,SUCCESS,server_95814.ovpn,
2026-09-23T00:43:12.141188,59111,South Korea,SUCCESS,server_59111.ovpn,
2026-09-23T00:43:13.265435,3562381,Ukraine,SUCCESS,server_3562381.ovpn,
2026-09-23T00:43:14.528039,2126926,Japan,SUCCESS,server_2126926.ovpn,
2026-09-23T00:43:14.959135,57703,South Korea,SUCCESS,server_57703.ovpn,
2026-09-23T00:43:18.051762,914698,Japan,SUCCESS,server_914698.ovpn,
2026-09-23T00:43:19.160283,2137918,South Korea,SUCCESS,server_2137918.ovpn,
2026-09-23T00:43:19.600836,1368805,Japan,SUCCESS,server_1368805.ovpn,
2026-09-23T00:43:20.663308,1072181,Japan,SUCCESS,server_1072181.ovpn,
2026-09-23T00:43:20.686836,918147,South Korea,SUCCESS,server_918147.ovpn,
2026-09-23T00:43:21.275638,3109545,South Korea,SUCCESS,server_3109545.ovpn,
2026-09-23T00:43:24.776143,74404,South Korea,SUCCESS,server_74404.ovpn,
2026-09-23T00:43:26.313201,1986997,Finland,SUCCESS,server_1986997.ovpn,
2026-09-23T00:43:27.136450,837526,Japan,SUCCESS,server_837526.ovpn,
2026-09-23T00:43:29.042843,918250,South Korea,SUCCESS,server_918250.ovpn,
2026-09-23T00:43:29.573074,135836,South Korea,SUCCESS,server_135836.ovpn,
2026-09-23T00:43:29.637486,41511,South Korea,SUCCESS,server_41511.ovpn,
2026-09-23T00:43:33.764126,45508,Japan,SUCCESS,server_45508.ovpn,
2026-09-23T00:43:34.065303,480485,Japan,SUCCESS,server_480485.ovpn,
2026-09-23T00:43:35.071128,2255660,Japan,SUCCESS,server_2255660.ovpn,
2026-09-23T00:43:36.826481,2092982,Japan,SUCCESS,server_2092982.ovpn,
2026-09-23T00:43:36.893535,2405673,Japan,SUCCESS,server_2405673.ovpn,
2026-09-23T00:43:37.683782,49218,Japan,SUCCESS,server_49218.ovpn,
2026-09-23T00:43:39.759435,99531,Japan,SUCCESS,server_99531.ovpn,
2026-09-23T00:43:40.207133,44337,USA,SUCCESS,server_44337.ovpn,
2026-09-23T00:43:41.243446,1930022,South Korea,SUCCESS,server_1930022.ovpn,
2026-09-23T00:43:43.174395,163966,Japan,SUCCESS,server_163966.ovpn,
2026-09-23T00:43:43.277375,151453,South Korea,SUCCESS,server_151453.ovpn,
2026-09-23T00:43:44.078394,1902400,Japan,SUCCESS,server_1902400.ovpn,
2026-09-23T00:43:45.513703,90116,USA,SUCCESS,server_90116.ovpn,
2026-09-23T00:43:46.227408,76829,Japan,SUCCESS,server_76829.ovpn,
2026-09-23T00:43:46.996188,1235935,South Korea,SUCCESS,server_1235935.ovpn,
2026-09-23T00:43:49.493189,46784,Japan,SUCCESS,server_46784.ovpn,
2026-09-23T00:43:50.750457,767175,South Korea,SUCCESS,server_767175.ovpn,
2026-09-23T00:43:50.794171,1987911,South Korea,SUCCESS,server_1987911.ovpn,
2026-09-23T00:43:51.716349,42752,Japan,SUCCESS,server_42752.ovpn,
2026-09-23T00:43:52.453974,73176,Japan,SUCCESS,server_73176.ovpn,
2026-09-23T00:43:53.170948,44094,South Korea,SUCCESS,server_44094.ovpn,
2026-09-23T00:43:55.199666,1181987,South Korea,SUCCESS,server_1181987.ovpn,
2026-09-23T00:43:56.881140,940031,South Korea,SUCCESS,server_940031.ovpn,
2026-09-23T00:43:57.773062,3074416,Japan,SUCCESS,server_3074416.ovpn,
2026-09-23T00:43:58.398028,60468,South Korea,SUCCESS,server_60468.ovpn,
2026-09-23T00:43:58.841788,1372681,South Korea,SUCCESS,server_1372681.ovpn,
2026-09-23T00:43:59.181008,765311,Japan,SUCCESS,server_765311.ovpn,
2026-09-23T00:44:00.532672,2008217,Japan,SUCCESS,server_2008217.ovpn,
2026-09-23T00:44:02.408981,2255659,Japan,SUCCESS,server_2255659.ovpn,
2026-09-23T00:44:03.493066,44381,France,SUCCESS,server_44381.ovpn,
2026-09-23T00:44:03.840849,103724,South Korea,SUCCESS,server_103724.ovpn,
2026-09-23T00:44:04.700772,46834,South Korea,SUCCESS,server_46834.ovpn,
2026-09-23T00:44:05.063854,1608310,South Korea,SUCCESS,server_1608310.ovpn,
2026-09-23T00:44:06.576783,1770963,Netherlands,SUCCESS,server_1770963.ovpn,
2026-09-23T00:44:06.871891,1245861,South Korea,SUCCESS,server_1245861.ovpn,
2026-09-23T00:44:09.772889,77351,South Korea,SUCCESS,server_77351.ovpn,
2026-09-23T00:44:10.305874,837155,South Korea,SUCCESS,server_837155.ovpn,
2026-09-23T00:44:11.155915,101899,South Korea,SUCCESS,server_101899.ovpn,
2026-09-23T00:44:11.186716,65254,South Korea,SUCCESS,server_65254.ovpn,
2026-09-23T00:44:13.135854,1897514,Russia,SUCCESS,server_1897514.ovpn,
2026-09-23T00:44:13.676176,944212,South Korea,SUCCESS,server_944212.ovpn,
2026-09-23T00:44:16.054845,1075381,Japan,SUCCESS,server_1075381.ovpn,
2026-09-23T00:44:17.807791,1575590,Japan,SUCCESS,server_1575590.ovpn,
2026-09-23T00:44:17.939586,171249,South Korea,SUCCESS,server_171249.ovpn,
2026-09-23T00:44:19.065790,101608,Japan,SUCCESS,server_101608.ovpn,
2026-09-23T00:44:19.631852,1965702,South Korea,SUCCESS,server_1965702.ovpn,
2026-09-23T00:44:19.652394,1956985,Japan,SUCCESS,server_1956985.ovpn,
2026-09-23T00:44:21.025859,2230165,South Korea,SUCCESS,server_2230165.ovpn,
2026-09-23T00:44:23.020758,888282,USA,SUCCESS,server_888282.ovpn,
2026-09-23T00:44:23.660583,3366177,South Korea,SUCCESS,server_3366177.ovpn,
2026-09-23T00:44:24.247664,42658,Japan,SUCCESS,server_42658.ovpn,
2026-09-23T00:44:25.106478,73517,Japan,SUCCESS,server_73517.ovpn,
2026-09-23T00:44:25.265706,480580,South Korea,SUCCESS,server_480580.ovpn,
2026-09-23T00:44:26.627432,51668,Japan,SUCCESS,server_51668.ovpn,
2026-09-23T00:44:30.477640,1662105,South Korea,SUCCESS,server_1662105.ovpn,
2026-09-23T00:44:30.617702,78238,Japan,SUCCESS,server_78238.ovpn,
2026-09-23T00:44:31.407792,734027,Japan,SUCCESS,server_734027.ovpn,
2026-09-23T00:44:32.083525,1443746,South Korea,SUCCESS,server_1443746.ovpn,
2026-09-23T00:44:32.973778,759388,Japan,SUCCESS,server_759388.ovpn,
2026-09-23T00:44:33.169690,73272,Japan,SUCCESS,server_73272.ovpn,
2026-09-23T00:44:36.995858,2016397,USA,SUCCESS,server_2016397.ovpn,
2026-09-23T00:44:37.401174,44778,Japan,SUCCESS,server_44778.ovpn,
2026-09-23T00:44:38.257369,47048,Japan,SUCCESS,server_47048.ovpn,
2026-09-23T00:44:39.028662,1868597,South Korea,SUCCESS,server_1868597.ovpn,
2026-09-23T00:44:39.227608,770909,South Korea,SUCCESS,server_770909.ovpn,
2026-09-23T00:44:39.260419,53812,Japan,SUCCESS,server_53812.ovpn,
2026-09-23T00:44:42.635889,647851,Ukraine,SUCCESS,server_647851.ovpn,
2026-09-23T00:44:43.305581,2355223,Japan,SUCCESS,server_2355223.ovpn,
2026-09-23T00:44:46.430009,102885,Japan,SUCCESS,server_102885.ovpn,
2026-09-23T00:44:46.701862,2088277,South Korea,SUCCESS,server_2088277.ovpn,
2026-09-23T00:44:46.945015,1281732,South Korea,SUCCESS,server_1281732.ovpn,
2026-09-23T00:44:48.011675,1317341,South Korea,SUCCESS,server_1317341.ovpn,
2026-09-23T00:44:49.113610,837161,USA,SUCCESS,server_837161.ovpn,
2026-09-23T00:44:49.943625,982124,South Korea,SUCCESS,server_982124.ovpn,
2026-09-23T00:44:52.229289,1022039,USA,SUCCESS,server_1022039.ovpn,
2026-09-23T00:44:52.825628,479869,South Korea,SUCCESS,server_479869.ovpn,
2026-09-23T00:44:54.188821,3441776,South Korea,SUCCESS,server_3441776.ovpn,
2026-09-23T00:44:54.875929,968514,South Korea,SUCCESS,server_968514.ovpn,
2026-09-23T00:44:55.856232,1598750,Japan,SUCCESS,server_1598750.ovpn,
2026-09-23T00:44:58.845500,44893,South Korea,SUCCESS,server_44893.ovpn,
2026-09-23T00:44:58.896431,44008,Japan,SUCCESS,server_44008.ovpn,
2026-09-23T00:45:00.077642,2129228,Latvia,SUCCESS,server_2129228.ovpn,
2026-09-23T00:45:02.110696,2974287,Russia,SUCCESS,server_2974287.ovpn,
2026-09-23T00:45:02.600499,2930992,Japan,SUCCESS,server_2930992.ovpn,
2026-09-23T00:45:02.918787,66481,Japan,SUCCESS,server_66481.ovpn,
2026-09-23T00:45:06.157408,42914,Japan,SUCCESS,server_42914.ovpn,
2026-09-23T00:45:06.546578,116175,Japan,SUCCESS,server_116175.ovpn,
2026-09-23T00:45:07.626612,1216088,Japan,SUCCESS,server_1216088.ovpn,
2026-09-23T00:45:09.030742,41996,Japan,SUCCESS,server_41996.ovpn,
2026-09-23T00:45:10.059205,42598,South Korea,SUCCESS,server_42598.ovpn,
2026-09-23T00:45:11.409820,51056,South Korea,SUCCESS,server_51056.ovpn,
2026-09-23T00:45:13.332483,83884,Japan,SUCCESS,server_83884.ovpn,
2026-09-23T00:45:17.171446,2385424,Japan,SUCCESS,server_2385424.ovpn,
2026-09-23T00:45:25.250419,2319300,South Korea,SUCCESS,server_2319300.ovpn,
2026-09-23T00:45:25.315808,51035,Japan,SUCCESS,server_51035.ovpn,
2026-09-23T00:45:26.722103,2403824,South Korea,SUCCESS,server_2403824.ovpn,
2026-09-23T00:45:27.900378,2137913,South Korea,SUCCESS,server_2137913.ovpn,
2026-09-23T00:45:28.054287,45147,Japan,SUCCESS,server_45147.ovpn,
2026-09-23T00:45:32.211595,57095,South Korea,SUCCESS,server_57095.ovpn,
2026-09-23T00:45:32.690210,148511,France,SUCCESS,server_148511.ovpn,
2026-09-23T00:45:39.690931,862847,Costa Rica,SUCCESS,server_862847.ovpn,
2026-09-23T00:45:44.240127,76764,South Korea,SUCCESS,server_76764.ovpn,
2026-09-23T00:45:44.459170,47337,South Korea,SUCCESS,server_47337.ovpn,
2026-09-23T00:45:45.172447,3663718,Japan,SUCCESS,server_3663718.ovpn,
2026-09-23T00:45:47.686867,841466,South Korea,SUCCESS,server_841466.ovpn,
2026-09-23T00:45:54.705893,2188816,Czech Republic,SUCCESS,server_2188816.ovpn,
2026-09-23T00:45:54.816117,64650,South Korea,SUCCESS,server_64650.ovpn,
2026-09-23T00:45:56.690189,140268,South Korea,SUCCESS,server_140268.ovpn,
2026-09-23T00:45:59.093089,74878,Japan,SUCCESS,server_74878.ovpn,
2026-09-23T00:45:59.539979,355454,Japan,SUCCESS,server_355454.ovpn,
2026-09-23T00:46:08.292571,820568,Japan,SUCCESS,server_820568.ovpn,
2026-09-23T00:46:10.741119,1815228,Japan,SUCCESS,server_1815228.ovpn,
2026-09-23T00:46:12.441346,2062328,Japan,SUCCESS,server_2062328.ovpn,
2026-09-23T00:46:13.993007,990256,South Korea,SUCCESS,server_990256.ovpn,
2026-09-23T00:46:14.518309,2401092,Russia,SUCCESS,server_2401092.ovpn,
2026-09-23T00:46:21.259906,832997,South Korea,SUCCESS,server_832997.ovpn,
2026-09-23T00:46:24.109588,1383454,Canada,SUCCESS,server_1383454.ovpn,
2026-09-23T00:46:26.106995,2271701,Japan,SUCCESS,server_2271701.ovpn,
2026-09-23T00:46:34.913024,1176088,USA,SUCCESS,server_1176088.ovpn,
2026-09-23T00:46:36.756330,1841173,Japan,SUCCESS,server_1841173.ovpn,
2026-09-23T00:46:38.964027,1856140,Japan,SUCCESS,server_1856140.ovpn,
2026-09-23T00:46:42.122564,955882,South Korea,SUCCESS,server_955882.ovpn,
2026-09-23T00:46:43.551065,878332,South Korea,SUCCESS,server_878332.ovpn,
2026-09-23T00:46:44.027890,1895833,South Korea,SUCCESS,server_1895833.ovpn,
2026-09-23T00:46:51.900881,45511,Japan,SUCCESS,server_45511.ovpn,
2026-09-23T00:46:54.025884,47586,Japan,SUCCESS,server_47586.ovpn,
2026-09-23T00:46:55.956972,3650332,USA,SUCCESS,server_3650332.ovpn,
2026-09-23T00:46:56.132859,71493,USA,SUCCESS,server_71493.ovpn,
2026-09-23T00:46:57.025415,58907,South Korea,SUCCESS,server_58907.ovpn,
2026-09-23T00:47:03.122963,1879127,Japan,SUCCESS,server_1879127.ovpn,
2026-09-23T00:47:06.824890,849346,Japan,SUCCESS,server_849346.ovpn,
2026-09-23T00:47:11.772891,79966,South Korea,SUCCESS,server_79966.ovpn,
2026-09-23T00:47:13.883638,734949,Japan,SUCCESS,server_734949.ovpn,
2026-09-23T00:47:18.391179,111549,Japan,SUCCESS,server_111549.ovpn,
2026-09-23T00:47:21.842369,47440,Japan,SUCCESS,server_47440.ovpn,
2026-09-23T00:47:22.034965,91196,Japan,SUCCESS,server_91196.ovpn,
2026-09-23T00:47:24.823558,60810,Japan,SUCCESS,server_60810.ovpn,
2026-09-23T00:47:28.799323,1941408,South Korea,SUCCESS,server_1941408.ovpn,
2026-09-23T00:47:30.263858,876023,South Korea,FAILED,,Failed to load download page (Status: No response)
2026-09-23T00:47:32.040816,1174021,Ukraine,SUCCESS,server_1174021.ovpn,
2026-09-23T00:47:34.478687,763273,South Korea,SUCCESS,server_763273.ovpn,
2026-09-23T00:47:35.603062,47075,South Korea,SUCCESS,server_47075.ovpn,
2026-09-23T00:47:36.496334,480554,Japan,SUCCESS,server_480554.ovpn,
2026-09-23T00:47:37.276521,3099547,South Korea,SUCCESS,server_3099547.ovpn,
2026-09-23T00:47:37.464591,2812014,South Korea,SUCCESS,server_2812014.ovpn,
2026-09-23T00:47:38.868955,128632,South Korea,SUCCESS,server_128632.ovpn,
2026-09-23T00:47:42.968954,123278,Japan,SUCCESS,server_123278.ovpn,
2026-09-23T00:47:43.564751,2479850,Japan,SUCCESS,server_2479850.ovpn,
2026-09-23T00:47:44.288101,267025,Russia,SUCCESS,server_267025.ovpn,
2026-09-23T00:47:45.606337,724940,South Korea,SUCCESS,server_724940.ovpn,
2026-09-23T00:47:50.555340,1912772,South Korea,SUCCESS,server_1912772.ovpn,
2026-09-23T00:47:51.051345,44114,South Korea,SUCCESS,server_44114.ovpn,
2026-09-23T00:47:52.368037,910723,Japan,SUCCESS,server_910723.ovpn,
2026-09-23T00:47:53.701732,3749206,South Korea,SUCCESS,server_3749206.ovpn,
2026-09-23T00:47:54.043069,64677,South Korea,SUCCESS,server_64677.ovpn,
2026-09-23T00:47:55.287314,73521,Japan,SUCCESS,server_73521.ovpn,
2026-09-23T00:48:02.295271,53500,South Korea,SUCCESS,server_53500.ovpn,
2026-09-23T00:48:03.918282,137331,Japan,SUCCESS,server_137331.ovpn,
2026-09-23T00:48:04.067287,877207,South Korea,SUCCESS,server_877207.ovpn,
2026-09-23T00:48:04.096526,53704,Japan,SUCCESS,server_53704.ovpn,
2026-09-23T00:48:04.544421,44404,Japan,SUCCESS,server_44404.ovpn,
2026-09-23T00:48:06.187128,949861,Japan,SUCCESS,server_949861.ovpn,
2026-09-23T00:48:11.437209,48087,South Korea,SUCCESS,server_48087.ovpn,
2026-09-23T00:48:11.710176,41416,Japan,SUCCESS,server_41416.ovpn,
2026-09-23T00:48:12.838230,2333605,South Korea,SUCCESS,server_2333605.ovpn,
2026-09-23T00:48:13.712104,59494,Japan,SUCCESS,server_59494.ovpn,
2026-09-23T00:48:13.768070,78988,Japan,SUCCESS,server_78988.ovpn,
2026-09-23T00:48:15.110004,1631358,Russia,SUCCESS,server_1631358.ovpn,
2026-09-23T00:48:21.164986,132880,Ukraine,SUCCESS,server_132880.ovpn,
2026-09-23T00:48:21.909497,906923,South Korea,SUCCESS,server_906923.ovpn,
2026-09-23T00:48:22.498758,2185480,Japan,SUCCESS,server_2185480.ovpn,
2026-09-23T00:48:23.528277,1986998,Japan,SUCCESS,server_1986998.ovpn,
2026-09-23T00:48:23.953336,1001054,Japan,SUCCESS,server_1001054.ovpn,
2026-09-23T00:48:24.930991,3099554,Japan,SUCCESS,server_3099554.ovpn,
2026-09-23T00:48:31.399010,3346125,Russia,SUCCESS,server_3346125.ovpn,
2026-09-23T00:48:31.715950,3152308,USA,SUCCESS,server_3152308.ovpn,
2026-09-23T00:48:31.969178,48317,Japan,SUCCESS,server_48317.ovpn,
2026-09-23T00:48:32.955090,2192828,South Korea,SUCCESS,server_2192828.ovpn,
2026-09-23T00:48:34.481827,1732085,USA,SUCCESS,server_1732085.ovpn,
2026-09-23T00:48:35.319128,1278109,South Korea,SUCCESS,server_1278109.ovpn,
2026-09-23T00:48:40.162737,75446,South Korea,SUCCESS,server_75446.ovpn,
2026-09-23T00:48:40.882804,402834,South Korea,SUCCESS,server_402834.ovpn,
2026-09-23T00:48:41.039097,893958,Japan,SUCCESS,server_893958.ovpn,
2026-09-23T00:48:42.572031,912591,Japan,SUCCESS,server_912591.ovpn,
2026-09-23T00:48:42.616021,1751996,South Korea,SUCCESS,server_1751996.ovpn,
2026-09-23T00:48:42.678038,41908,Japan,SUCCESS,server_41908.ovpn,
2026-09-23T00:48:49.649142,884439,South Korea,SUCCESS,server_884439.ovpn,
2026-09-23T00:48:49.762579,42526,Japan,SUCCESS,server_42526.ovpn,
2026-09-23T00:48:50.056179,3387507,Japan,SUCCESS,server_3387507.ovpn,
2026-09-23T00:48:50.348034,249389,Sweden,SUCCESS,server_249389.ovpn,
2026-09-23T00:48:50.474307,1257873,South Korea,SUCCESS,server_1257873.ovpn,
2026-09-23T00:48:51.358977,791927,Japan,SUCCESS,server_791927.ovpn,
2026-09-23T00:48:54.896720,844013,South Korea,SUCCESS,server_844013.ovpn,
2026-09-23T00:48:56.033588,1703897,Japan,SUCCESS,server_1703897.ovpn,
2026-09-23T00:48:56.074797,132322,South Korea,SUCCESS,server_132322.ovpn,
2026-09-23T00:48:56.202683,2170263,South Korea,SUCCESS,server_2170263.ovpn,
2026-09-23T00:48:56.275998,77844,Japan,SUCCESS,server_77844.ovpn,
2026-09-23T00:48:57.541948,1249086,South Korea,SUCCESS,server_1249086.ovpn,
2026-09-23T00:49:03.159658,102901,Japan,SUCCESS,server_102901.ovpn,
2026-09-23T00:49:03.706778,1020919,Japan,SUCCESS,server_1020919.ovpn,
2026-09-23T00:49:04.018825,2264584,Japan,SUCCESS,server_2264584.ovpn,
2026-09-23T00:49:04.277168,1714483,Japan,SUCCESS,server_1714483.ovpn,
2026-09-23T00:49:04.335357,324212,Japan,SUCCESS,server_324212.ovpn,
2026-09-23T00:49:04.556833,3180072,South Korea,SUCCESS,server_3180072.ovpn,
2026-09-23T00:49:09.703826,3714043,Japan,SUCCESS,server_3714043.ovpn,
2026-09-23T00:49:10.223660,986544,Japan,SUCCESS,server_986544.ovpn,
2026-09-23T00:49:10.736745,55932,Japan,SUCCESS,server_55932.ovpn,
2026-09-23T00:49:10.954541,2142511,South Korea,SUCCESS,server_2142511.ovpn,
2026-09-23T00:49:11.066676,59322,Japan,SUCCESS,server_59322.ovpn,
2026-09-23T00:49:12.306815,665087,South Korea,SUCCESS,server_665087.ovpn,
2026-09-23T00:49:16.582758,2042558,Japan,SUCCESS,server_2042558.ovpn,
2026-09-23T00:49:16.867770,2974226,Japan,SUCCESS,server_2974226.ovpn,
2026-09-23T00:49:17.236856,51214,South Korea,SUCCESS,server_51214.ovpn,
2026-09-23T00:49:17.710947,918551,South Korea,SUCCESS,server_918551.ovpn,
2026-09-23T00:49:17.907196,905142,Japan,SUCCESS,server_905142.ovpn,
2026-09-23T00:49:18.746474,884391,Japan,SUCCESS,server_884391.ovpn,
2026-09-23T00:49:22.718551,1487679,South Korea,SUCCESS,server_1487679.ovpn,
2026-09-23T00:49:23.997588,49493,Japan,SUCCESS,server_49493.ovpn,
2026-09-23T00:49:24.081443,46660,Japan,SUCCESS,server_46660.ovpn,
2026-09-23T00:49:24.168776,1561267,Croatia (Hrvatska),SUCCESS,server_1561267.ovpn,
2026-09-23T00:49:24.580409,1115389,South Korea,SUCCESS,server_1115389.ovpn,
2026-09-23T00:49:24.896728,58230,South Korea,SUCCESS,server_58230.ovpn,
2026-09-23T00:49:28.551457,48056,Japan,SUCCESS,server_48056.ovpn,
2026-09-23T00:49:29.546693,2431070,South Korea,SUCCESS,server_2431070.ovpn,
2026-09-23T00:49:30.908446,1281716,South Korea,SUCCESS,server_1281716.ovpn,
2026-09-23T00:49:31.194161,52318,Japan,SUCCESS,server_52318.ovpn,
2026-09-23T00:49:31.949277,3466037,South Korea,SUCCESS,server_3466037.ovpn,
2026-09-23T00:49:32.813914,909063,Japan,SUCCESS,server_909063.ovpn,
2026-09-23T00:49:33.757532,1690537,Japan,SUCCESS,server_1690537.ovpn,
2026-09-23T00:49:35.971483,1898798,South Korea,SUCCESS,server_1898798.ovpn,
2026-09-23T00:49:36.881383,120408,Japan,SUCCESS,server_120408.ovpn,
2026-09-23T00:49:37.308827,2244206,Japan,SUCCESS,server_2244206.ovpn,
2026-09-23T00:49:38.095480,116180,Japan,SUCCESS,server_116180.ovpn,
2026-09-23T00:49:38.609647,1365292,Japan,SUCCESS,server_1365292.ovpn,
2026-09-23T00:49:40.139333,852419,South Korea,SUCCESS,server_852419.ovpn,
2026-09-23T00:49:42.414266,1129814,South Korea,SUCCESS,server_1129814.ovpn,
2026-09-23T00:49:42.974223,42650,Japan,SUCCESS,server_42650.ovpn,
2026-09-23T00:49:44.605477,82386,South Korea,SUCCESS,server_82386.ovpn,
2026-09-23T00:49:45.023592,1332103,Japan,SUCCESS,server_1332103.ovpn,
2026-09-23T00:49:47.496462,47303,Japan,SUCCESS,server_47303.ovpn,
2026-09-23T00:49:48.018399,42679,South Korea,SUCCESS,server_42679.ovpn,
2026-09-23T00:49:49.258564,59314,Japan,SUCCESS,server_59314.ovpn,
2026-09-23T00:49:49.913624,731663,South Korea,SUCCESS,server_731663.ovpn,
2026-09-23T00:49:51.658126,81768,Japan,SUCCESS,server_81768.ovpn,
2026-09-23T00:49:52.607312,1016577,South Korea,SUCCESS,server_1016577.ovpn,
2026-09-23T00:49:53.726339,46792,Japan,SUCCESS,server_46792.ovpn,
2026-09-23T00:49:54.832436,99875,South Korea,SUCCESS,server_99875.ovpn,
2026-09-23T00:49:55.411209,2877851,South Korea,SUCCESS,server_2877851.ovpn,
2026-09-23T00:49:55.948440,90653,Japan,SUCCESS,server_90653.ovpn,
2026-09-23T00:49:56.932583,827657,UK,SUCCESS,server_827657.ovpn,
2026-09-23T00:49:58.068484,138346,Japan,SUCCESS,server_138346.ovpn,
2026-09-23T00:50:00.168513,855775,Australia,SUCCESS,server_855775.ovpn,
2026-09-23T00:50:00.813753,1262919,South Korea,FAILED,,Failed to load download page (Status: No response)
2026-09-23T00:50:00.843343,373372,South Korea,SUCCESS,server_373372.ovpn,
2026-09-23T00:50:03.777505,1276497,Japan,SUCCESS,server_1276497.ovpn,
2026-09-23T00:50:05.658191,2129230,Japan,SUCCESS,server_2129230.ovpn,
2026-09-23T00:50:06.341355,1657456,Japan,SUCCESS,server_1657456.ovpn,
2026-09-23T00:50:09.647122,2268483,South Korea,SUCCESS,server_2268483.ovpn,
2026-09-23T00:50:11.311360,47327,Japan,SUCCESS,server_47327.ovpn,
2026-09-23T00:50:11.766290,1763073,Japan,SUCCESS,server_1763073.ovpn,
2026-09-23T00:50:15.453296,115715,Japan,SUCCESS,server_115715.ovpn,
2026-09-23T00:50:16.942742,2479853,Japan,SUCCESS,server_2479853.ovpn,
2026-09-23T00:50:18.171241,1161066,Japan,SUCCESS,server_1161066.ovpn,
2026-09-23T00:50:20.018417,143393,South Korea,SUCCESS,server_143393.ovpn,
2026-09-23T00:50:20.298181,53298,Japan,SUCCESS,server_53298.ovpn,
2026-09-23T00:50:22.102551,41992,Japan,SUCCESS,server_41992.ovpn,
2026-09-23T00:50:26.065572,48842,Japan,SUCCESS,server_48842.ovpn,
2026-09-23T00:50:27.263664,951726,Japan,SUCCESS,server_951726.ovpn,
2026-09-23T00:50:28.561287,322350,Japan,SUCCESS,server_322350.ovpn,
2026-09-23T00:50:28.684085,814084,UK,SUCCESS,server_814084.ovpn,
2026-09-23T00:50:28.955008,877189,Japan,SUCCESS,server_877189.ovpn,
2026-09-23T00:50:29.778339,912428,Japan,SUCCESS,server_912428.ovpn,
2026-09-23T00:50:35.836112,428759,South Korea,SUCCESS,server_428759.ovpn,
2026-09-23T00:50:36.188152,847171,South Korea,SUCCESS,server_847171.ovpn,
2026-09-23T00:50:36.859456,124311,Japan,SUCCESS,server_124311.ovpn,
2026-09-23T00:50:39.933358,2391596,Japan,SUCCESS,server_2391596.ovpn,
2026-09-23T00:50:41.201966,2027696,South Korea,SUCCESS,server_2027696.ovpn,
2026-09-23T00:50:42.747565,3183484,Japan,FAILED,,Failed to load download page (Status: No response)
2026-09-23T00:50:44.382146,51038,Japan,SUCCESS,server_51038.ovpn,
2026-09-23T00:50:46.207112,108460,Japan,SUCCESS,server_108460.ovpn,
2026-09-23T00:50:48.865075,56904,Japan,SUCCESS,server_56904.ovpn,
2026-09-23T00:50:52.653783,2073778,Japan,SUCCESS,server_2073778.ovpn,
2026-09-23T00:50:55.070192,873506,Germany,SUCCESS,server_873506.ovpn,
2026-09-23T00:50:56.472086,72141,South Korea,SUCCESS,server_72141.ovpn,
2026-09-23T00:50:57.101087,2284918,South Korea,SUCCESS,server_2284918.ovpn,
2026-09-23T00:50:57.115864,1223755,South Korea,SUCCESS,server_1223755.ovpn,
2026-09-23T00:50:59.290134,1402694,South Korea,SUCCESS,server_1402694.ovpn,
2026-09-23T00:51:03.034205,2352405,South Korea,SUCCESS,server_2352405.ovpn,
2026-09-23T00:51:07.754010,155266,South Korea,SUCCESS,server_155266.ovpn,
2026-09-23T00:51:09.508238,148523,USA,SUCCESS,server_148523.ovpn,
2026-09-23T00:51:10.016050,46888,South Korea,SUCCESS,server_46888.ovpn,
2026-09-23T00:51:11.110819,51666,Japan,SUCCESS,server_51666.ovpn,
2026-09-23T00:51:12.733981,2085468,South Korea,SUCCESS,server_2085468.ovpn,
2026-09-23T00:51:13.136126,167426,South Korea,SUCCESS,server_167426.ovpn,
2026-09-23T00:51:16.834874,1529595,Croatia (Hrvatska),SUCCESS,server_1529595.ovpn,
2026-09-23T00:51:18.490996,1766012,South Korea,SUCCESS,server_1766012.ovpn,
2026-09-23T00:51:20.477916,494686,Japan,SUCCESS,server_494686.ovpn,
2026-09-23T00:51:21.211935,1289295,Japan,SUCCESS,server_1289295.ovpn,
2026-09-23T00:51:22.830115,1828798,Japan,SUCCESS,server_1828798.ovpn,
2026-09-23T00:51:23.115799,99604,South Korea,SUCCESS,server_99604.ovpn,
2026-09-23T00:51:26.896103,138262,Japan,SUCCESS,server_138262.ovpn,
2026-09-23T00:51:29.581904,44338,Japan,SUCCESS,server_44338.ovpn,
2026-09-23T00:51:31.519269,51078,South Korea,SUCCESS,server_51078.ovpn,
2026-09-23T00:51:32.401665,57939,Japan,SUCCESS,server_57939.ovpn,
2026-09-23T00:51:32.599115,2280094,Japan,SUCCESS,server_2280094.ovpn,
2026-09-23T00:51:32.761734,112242,South Korea,SUCCESS,server_112242.ovpn,
2026-09-23T00:51:34.152005,130421,Japan,SUCCESS,server_130421.ovpn,
2026-09-23T00:51:38.471736,977813,Japan,SUCCESS,server_977813.ovpn,
2026-09-23T00:51:40.367850,2520311,Japan,SUCCESS,server_2520311.ovpn,
2026-09-23T00:51:40.836773,2414645,Japan,SUCCESS,server_2414645.ovpn,
2026-09-23T00:51:44.767585,650044,South Korea,SUCCESS,server_650044.ovpn,
2026-09-23T00:51:44.994678,154470,South Korea,SUCCESS,server_154470.ovpn,
2026-09-23T00:51:48.979419,1859314,South Korea,SUCCESS,server_1859314.ovpn,
2026-09-23T00:51:51.806676,76502,Japan,SUCCESS,server_76502.ovpn,
2026-09-23T00:51:52.869729,248425,Portugal,SUCCESS,server_248425.ovpn,
2026-09-23T00:51:54.842733,276010,Japan,SUCCESS,server_276010.ovpn,
2026-09-23T00:51:55.405641,87440,Japan,SUCCESS,server_87440.ovpn,
2026-09-23T00:51:57.734980,41420,Japan,SUCCESS,server_41420.ovpn,
2026-09-23T00:51:57.854665,1617156,Japan,SUCCESS,server_1617156.ovpn,
2026-09-23T00:52:00.473672,907518,South Korea,SUCCESS,server_907518.ovpn,
2026-09-23T00:52:00.613817,1629551,South Korea,SUCCESS,server_1629551.ovpn,
2026-09-23T00:52:10.289307,3420748,Japan,SUCCESS,server_3420748.ovpn,
2026-09-23T00:52:12.180429,56574,South Korea,SUCCESS,server_56574.ovpn,
2026-09-23T00:52:12.446625,146916,Japan,SUCCESS,server_146916.ovpn,
2026-09-23T00:52:12.602509,58290,South Korea,SUCCESS,server_58290.ovpn,
2026-09-23T00:52:16.673468,111725,South Korea,SUCCESS,server_111725.ovpn,
2026-09-23T00:52:21.148416,1009928,South Korea,SUCCESS,server_1009928.ovpn,
2026-09-23T00:52:21.303657,41915,Japan,SUCCESS,server_41915.ovpn,
2026-09-23T00:52:21.444899,57011,Japan,SUCCESS,server_57011.ovpn,
2026-09-23T00:52:23.566370,1062282,Russia,SUCCESS,server_1062282.ovpn,
2026-09-23T00:52:24.902510,99971,South Korea,SUCCESS,server_99971.ovpn,
2026-09-23T00:52:25.192468,129673,South Korea,SUCCESS,server_129673.ovpn,
2026-09-23T00:52:28.358034,53794,South Korea,SUCCESS,server_53794.ovpn,
2026-09-23T00:52:29.341456,841884,South Korea,SUCCESS,server_841884.ovpn,
2026-09-23T00:52:29.984234,148408,South Korea,SUCCESS,server_148408.ovpn,
2026-09-23T00:52:30.827128,1618950,South Korea,SUCCESS,server_1618950.ovpn,
2026-09-23T00:52:32.234454,1821317,Colombia,SUCCESS,server_1821317.ovpn,
2026-09-23T00:52:33.623078,1005462,South Korea,SUCCESS,server_1005462.ovpn,
2026-09-23T00:52:35.555440,2336316,Japan,SUCCESS,server_2336316.ovpn,
2026-09-23T00:52:38.632699,703894,Japan,SUCCESS,server_703894.ovpn,
2026-09-23T00:52:38.794189,1711317,Japan,SUCCESS,server_1711317.ovpn,
2026-09-23T00:52:39.202333,96944,South Korea,FAILED,,Failed to load download page (Status: No response)
2026-09-23T00:52:41.145252,374285,Japan,SUCCESS,server_374285.ovpn,
2026-09-23T00:52:43.187534,2170276,Japan,SUCCESS,server_2170276.ovpn,
2026-09-23T00:52:43.982228,2720476,Japan,SUCCESS,server_2720476.ovpn,
2026-09-23T00:52:46.346258,2668179,Japan,SUCCESS,server_2668179.ovpn,
2026-09-23T00:52:46.580333,95231,Japan,SUCCESS,server_95231.ovpn,
2026-09-23T00:52:50.043971,1821323,South Korea,SUCCESS,server_1821323.ovpn,
2026-09-23T00:52:52.089493,859308,Japan,SUCCESS,server_859308.ovpn,
2026-09-23T00:52:53.372255,2910683,Japan,SUCCESS,server_2910683.ovpn,
2026-09-23T00:52:54.737272,3611755,Japan,SUCCESS,server_3611755.ovpn,
2026-09-23T00:52:55.781178,1037113,South Korea,SUCCESS,server_1037113.ovpn,
2026-09-23T00:52:57.221134,43941,Japan,SUCCESS,server_43941.ovpn,
2026-09-23T00:53:00.699173,459774,South Korea,SUCCESS,server_459774.ovpn,
2026-09-23T00:53:04.834230,2052491,Japan,SUCCESS,server_2052491.ovpn,
2026-09-23T00:53:05.918341,916510,Japan,FAILED,,Failed to load download page (Status: No response)
2026-09-23T00:53:06.154008,1339032,Japan,SUCCESS,server_1339032.ovpn,
2026-09-23T00:53:08.215523,2265606,South Korea,SUCCESS,server_2265606.ovpn,
2026-09-23T00:53:08.286991,76790,Japan,SUCCESS,server_76790.ovpn,
2026-09-23T00:53:09.984774,1505285,Japan,SUCCESS,server_1505285.ovpn,
2026-09-23T00:53:13.968131,2283319,Argentina,SUCCESS,server_2283319.ovpn,
2026-09-23T00:53:15.837031,144189,Japan,SUCCESS,server_144189.ovpn,
2026-09-23T00:53:16.360092,1955405,Japan,SUCCESS,server_1955405.ovpn,
2026-09-23T00:53:19.556054,196648,Japan,SUCCESS,server_196648.ovpn,
2026-09-23T00:53:19.840050,3607976,South Korea,SUCCESS,server_3607976.ovpn,
2026-09-23T00:53:20.129094,2231341,Japan,SUCCESS,server_2231341.ovpn,
2026-09-23T00:53:22.748054,954958,South Korea,SUCCESS,server_954958.ovpn,
2026-09-23T00:53:23.167294,837749,Japan,SUCCESS,server_837749.ovpn,
2026-09-23T00:53:24.909534,1628832,Mexico,SUCCESS,server_1628832.ovpn,
2026-09-23T00:53:25.186072,54865,Japan,SUCCESS,server_54865.ovpn,
2026-09-23T00:53:29.165936,3008174,Japan,SUCCESS,server_3008174.ovpn,
2026-09-23T00:53:29.414559,49147,Japan,SUCCESS,server_49147.ovpn,
2026-09-23T00:53:31.797078,3521640,South Korea,SUCCESS,server_3521640.ovpn,
2026-09-23T00:53:33.456247,480858,USA,SUCCESS,server_480858.ovpn,
2026-09-23T00:53:33.513765,2091345,South Korea,SUCCESS,server_2091345.ovpn,
2026-09-23T00:53:34.219943,151246,Japan,SUCCESS,server_151246.ovpn,
2026-09-23T00:53:34.678731,953829,USA,SUCCESS,server_953829.ovpn,
2026-09-23T00:53:38.346050,1956197,South Korea,SUCCESS,server_1956197.ovpn,
2026-09-23T00:53:39.503108,146275,South Korea,SUCCESS,server_146275.ovpn,
2026-09-23T00:53:43.739020,52321,Japan,FAILED,,Failed to load download page (Status: No response)
2026-09-23T00:53:43.762641,41170,Japan,SUCCESS,server_41170.ovpn,
2026-09-23T00:53:43.936817,1289373,Japan,SUCCESS,server_1289373.ovpn,
2026-09-23T00:53:45.356254,135391,Japan,SUCCESS,server_135391.ovpn,
2026-09-23T00:53:46.001816,2412087,Japan,SUCCESS,server_2412087.ovpn,
2026-09-23T00:53:46.021441,1632246,South Korea,SUCCESS,server_1632246.ovpn,
2026-09-23T00:53:49.704766,48232,South Korea,SUCCESS,server_48232.ovpn,
2026-09-23T00:53:50.545934,48224,Japan,SUCCESS,server_48224.ovpn,
2026-09-23T00:53:50.688233,886398,South Korea,SUCCESS,server_886398.ovpn,
2026-09-23T00:53:51.006094,2193563,Japan,SUCCESS,server_2193563.ovpn,
2026-09-23T00:53:52.120630,1046521,Japan,SUCCESS,server_1046521.ovpn,
2026-09-23T00:53:53.489909,913236,South Korea,SUCCESS,server_913236.ovpn,
2026-09-23T00:53:55.418992,755592,South Korea,SUCCESS,server_755592.ovpn,
2026-09-23T00:53:56.084733,806515,Japan,SUCCESS,server_806515.ovpn,
2026-09-23T00:53:56.210583,43332,Japan,SUCCESS,server_43332.ovpn,
2026-09-23T00:53:56.952673,61115,Japan,SUCCESS,server_61115.ovpn,
2026-09-23T00:53:57.846539,96426,South Korea,SUCCESS,server_96426.ovpn,
2026-09-23T00:53:59.445405,79755,Japan,SUCCESS,server_79755.ovpn,
2026-09-23T00:54:00.886809,116481,Japan,SUCCESS,server_116481.ovpn,
2026-09-23T00:54:02.914910,817782,Japan,SUCCESS,server_817782.ovpn,
2026-09-23T00:54:03.005213,132068,South Korea,SUCCESS,server_132068.ovpn,
2026-09-23T00:54:05.171771,807339,Japan,SUCCESS,server_807339.ovpn,
2026-09-23T00:54:05.260351,99990,South Korea,SUCCESS,server_99990.ovpn,
2026-09-23T00:54:07.001825,118514,South Korea,SUCCESS,server_118514.ovpn,
2026-09-23T00:54:09.825305,2013219,Japan,SUCCESS,server_2013219.ovpn,
2026-09-23T00:54:10.192962,987570,Japan,SUCCESS,server_987570.ovpn,
2026-09-23T00:54:10.454151,107205,South Korea,SUCCESS,server_107205.ovpn,
2026-09-23T00:54:10.737021,48869,Japan,SUCCESS,server_48869.ovpn,
2026-09-23T00:54:10.992264,2413801,South Korea,SUCCESS,server_2413801.ovpn,
2026-09-23T00:54:12.542252,1020852,South Korea,SUCCESS,server_1020852.ovpn,
2026-09-23T00:54:16.059008,1665547,South Korea,SUCCESS,server_1665547.ovpn,
2026-09-23T00:54:16.081738,479908,Japan,SUCCESS,server_479908.ovpn,
2026-09-23T00:54:16.414814,876002,Bangladesh,SUCCESS,server_876002.ovpn,
2026-09-23T00:54:17.202053,953142,Japan,FAILED,,Failed to load download page (Status: No response)
2026-09-23T00:54:17.348328,139337,Japan,SUCCESS,server_139337.ovpn,
2026-09-23T00:54:17.463708,78967,South Korea,SUCCESS,server_78967.ovpn,
2026-09-23T00:54:21.254138,1291072,Japan,SUCCESS,server_1291072.ovpn,
2026-09-23T00:54:22.925562,41994,Japan,SUCCESS,server_41994.ovpn,
2026-09-23T00:54:23.576058,1714486,South Korea,SUCCESS,server_1714486.ovpn,
2026-09-23T00:54:23.701810,72971,Japan,SUCCESS,server_72971.ovpn,
2026-09-23T00:54:23.789686,1853134,Japan,SUCCESS,server_1853134.ovpn,
2026-09-23T00:54:24.275732,43942,Japan,SUCCESS,server_43942.ovpn,
2026-09-23T00:54:25.855902,944576,South Korea,SUCCESS,server_944576.ovpn,
2026-09-23T00:54:29.259123,800873,Japan,SUCCESS,server_800873.ovpn,
2026-09-23T00:54:29.482739,43688,Japan,SUCCESS,server_43688.ovpn,
2026-09-23T00:54:29.768825,70725,South Korea,FAILED,,Failed to load download page (Status: No response)
2026-09-23T00:54:29.780691,791909,Japan,SUCCESS,server_791909.ovpn,
2026-09-23T00:54:30.029623,60072,Japan,SUCCESS,server_60072.ovpn,
2026-09-23T00:54:31.785692,2153865,Japan,SUCCESS,server_2153865.ovpn,
2026-09-23T00:54:34.688746,148528,France,SUCCESS,server_148528.ovpn,
2026-09-23T00:54:35.496385,64960,South Korea,SUCCESS,server_64960.ovpn,
2026-09-23T00:54:35.630716,43740,Japan,SUCCESS,server_43740.ovpn,
2026-09-23T00:54:35.796549,63171,Japan,SUCCESS,server_63171.ovpn,
2026-09-23T00:54:35.880342,1579816,South Korea,SUCCESS,server_1579816.ovpn,
2026-09-23T00:54:36.936550,3346115,Japan,SUCCESS,server_3346115.ovpn,
2026-09-23T00:54:41.300296,1487691,South Korea,SUCCESS,server_1487691.ovpn,
2026-09-23T00:54:41.433717,43939,Japan,SUCCESS,server_43939.ovpn,
2026-09-23T00:54:41.583275,63604,Japan,SUCCESS,server_63604.ovpn,
2026-09-23T00:54:41.895575,129598,South Korea,SUCCESS,server_129598.ovpn,
2026-09-23T00:54:43.498778,850291,Japan,SUCCESS,server_850291.ovpn,
2026-09-23T00:54:44.423764,248486,South Korea,SUCCESS,server_248486.ovpn,
2026-09-23T00:54:47.510655,100278,Japan,SUCCESS,server_100278.ovpn,
2026-09-23T00:54:47.855952,944945,South Korea,SUCCESS,server_944945.ovpn,
2026-09-23T00:54:49.212661,1411695,Japan,SUCCESS,server_1411695.ovpn,
2026-09-23T00:54:49.829543,665068,Japan,SUCCESS,server_665068.ovpn,
2026-09-23T00:54:50.165451,2148306,South Korea,SUCCESS,server_2148306.ovpn,
2026-09-23T00:54:50.984286,698025,Japan,SUCCESS,server_698025.ovpn,
2026-09-23T00:54:52.984555,2244200,South Korea,SUCCESS,server_2244200.ovpn,
2026-09-23T00:54:53.607408,2871529,Japan,SUCCESS,server_2871529.ovpn,
2026-09-23T00:54:54.310998,1659290,Netherlands,SUCCESS,server_1659290.ovpn,
2026-09-23T00:54:54.800417,78105,Japan,SUCCESS,server_78105.ovpn,
2026-09-23T00:54:56.096708,1572197,Japan,FAILED,,Failed to load download page (Status: No response)
2026-09-23T00:54:56.740474,87856,South Korea,SUCCESS,server_87856.ovpn,
2026-09-23T00:54:59.139362,59364,South Korea,SUCCESS,server_59364.ovpn,
2026-09-23T00:54:59.475439,330566,Japan,SUCCESS,server_330566.ovpn,
2026-09-23T00:54:59.699764,948199,South Korea,SUCCESS,server_948199.ovpn,
2026-09-23T00:55:01.723475,2137917,South Korea,SUCCESS,server_2137917.ovpn,
2026-09-23T00:55:01.797809,43695,Japan,SUCCESS,server_43695.ovpn,
2026-09-23T00:55:03.450475,1467618,South Korea,SUCCESS,server_1467618.ovpn,
2026-09-23T00:55:06.304565,55099,New Zealand,FAILED,,Failed to load download page (Status: No response)
2026-09-23T00:55:06.419512,102591,Japan,SUCCESS,server_102591.ovpn,
2026-09-23T00:55:07.027408,1152774,Japan,SUCCESS,server_1152774.ovpn,
2026-09-23T00:55:07.884289,1629661,Japan,SUCCESS,server_1629661.ovpn,
2026-09-23T00:55:09.278298,1065656,Russia,SUCCESS,server_1065656.ovpn,
2026-09-23T00:55:09.908224,1981419,Japan,SUCCESS,server_1981419.ovpn,
2026-09-23T00:55:11.583444,1881146,South Korea,SUCCESS,server_1881146.ovpn,
2026-09-23T00:55:12.279290,347958,South Korea,SUCCESS,server_347958.ovpn,
2026-09-23T00:55:15.680414,329672,Russia,SUCCESS,server_329672.ovpn,
2026-09-23T00:55:16.668968,3325140,Japan,SUCCESS,server_3325140.ovpn,
2026-09-23T00:55:16.843225,47310,Japan,SUCCESS,server_47310.ovpn,
2026-09-23T00:55:17.303335,41678,Japan,SUCCESS,server_41678.ovpn,
2026-09-23T00:55:18.238204,1628819,Japan,SUCCESS,server_1628819.ovpn,
2026-09-23T00:55:20.857820,2063224,UK,SUCCESS,server_2063224.ovpn,
2026-09-23T00:55:21.606373,2073008,Japan,SUCCESS,server_2073008.ovpn,
2026-09-23T00:55:24.185580,50186,Japan,SUCCESS,server_50186.ovpn,
2026-09-23T00:55:24.501246,364267,Japan,SUCCESS,server_364267.ovpn,
2026-09-23T00:55:24.879431,852933,South Korea,SUCCESS,server_852933.ovpn,
2026-09-23T00:55:25.090244,57700,South Korea,SUCCESS,server_57700.ovpn,
2026-09-23T00:55:27.121850,49186,South Korea,SUCCESS,server_49186.ovpn,
2026-09-23T00:55:27.173273,830688,Japan,SUCCESS,server_830688.ovpn,
2026-09-23T00:55:30.716110,1317311,South Korea,SUCCESS,server_1317311.ovpn,
2026-09-23T00:55:31.116366,2104313,South Korea,SUCCESS,server_2104313.ovpn,
2026-09-23T00:55:31.649174,79171,Japan,SUCCESS,server_79171.ovpn,
2026-09-23T00:55:32.725017,121038,Japan,SUCCESS,server_121038.ovpn,
2026-09-23T00:55:33.838671,1794426,Japan,SUCCESS,server_1794426.ovpn,
2026-09-23T00:55:34.262177,172576,South Korea,SUCCESS,server_172576.ovpn,
2026-09-23T00:55:37.131973,1997219,South Korea,SUCCESS,server_1997219.ovpn,
2026-09-23T00:55:38.126165,58889,Japan,SUCCESS,server_58889.ovpn,
2026-09-23T00:55:38.154043,72145,South Korea,SUCCESS,server_72145.ovpn,
2026-09-23T00:55:40.357394,2283320,Japan,SUCCESS,server_2283320.ovpn,
2026-09-23T00:55:40.792123,173197,Thailand,SUCCESS,server_173197.ovpn,
2026-09-23T00:55:40.996077,416420,South Korea,SUCCESS,server_416420.ovpn,
2026-09-23T00:55:46.094966,90602,Japan,SUCCESS,server_90602.ovpn,
2026-09-23T00:55:47.068880,343106,South Korea,SUCCESS,server_343106.ovpn,
2026-09-23T00:55:47.627011,149075,Japan,SUCCESS,server_149075.ovpn,
2026-09-23T00:55:48.089087,147599,South Korea,SUCCESS,server_147599.ovpn,
2026-09-23T00:55:49.636292,64686,South Korea,SUCCESS,server_64686.ovpn,
2026-09-23T00:55:50.632914,1984663,Japan,SUCCESS,server_1984663.ovpn,
2026-09-23T00:55:52.889678,249332,South Korea,SUCCESS,server_249332.ovpn,
2026-09-23T00:55:53.127978,42666,Japan,SUCCESS,server_42666.ovpn,
2026-09-23T00:55:54.528809,462565,Japan,SUCCESS,server_462565.ovpn,
2026-09-23T00:55:55.391753,42529,Japan,SUCCESS,server_42529.ovpn,
2026-09-23T00:55:56.734992,2085437,Japan,SUCCESS,server_2085437.ovpn,
2026-09-23T00:55:57.925874,903724,Japan,SUCCESS,server_903724.ovpn,
2026-09-23T00:55:58.650962,903304,Japan,SUCCESS,server_903304.ovpn,
2026-09-23T00:55:59.945936,852479,Japan,SUCCESS,server_852479.ovpn,
2026-09-23T00:56:00.755589,132967,Japan,SUCCESS,server_132967.ovpn,
2026-09-23T00:56:01.615207,44331,South Korea,SUCCESS,server_44331.ovpn,
2026-09-23T00:56:04.110884,2390660,Croatia (Hrvatska),SUCCESS,server_2390660.ovpn,
2026-09-23T00:56:04.533882,385284,South Korea,SUCCESS,server_385284.ovpn,
2026-09-23T00:56:04.548130,56378,South Korea,SUCCESS,server_56378.ovpn,
2026-09-23T00:56:07.011912,480731,United Arab Emirates,SUCCESS,server_480731.ovpn,
2026-09-23T00:56:07.827919,99970,South Korea,SUCCESS,server_99970.ovpn,
2026-09-23T00:56:08.829999,1129791,South Korea,SUCCESS,server_1129791.ovpn,
2026-09-23T00:56:11.622821,1488480,Japan,SUCCESS,server_1488480.ovpn,
2026-09-23T00:56:11.681222,1495022,South Korea,SUCCESS,server_1495022.ovpn,
2026-09-23T00:56:12.317894,2153879,South Korea,SUCCESS,server_2153879.ovpn,
2026-09-23T00:56:12.609963,3119511,South Korea,SUCCESS,server_3119511.ovpn,
2026-09-23T00:56:14.810944,1600695,South Korea,SUCCESS,server_1600695.ovpn,
2026-09-23T00:56:14.948806,663968,South Korea,SUCCESS,server_663968.ovpn,
2026-09-23T00:56:20.087000,46014,South Korea,SUCCESS,server_46014.ovpn,
2026-09-23T00:56:20.799821,84439,Japan,SUCCESS,server_84439.ovpn,
2026-09-23T00:56:20.978450,1424492,Japan,SUCCESS,server_1424492.ovpn,
2026-09-23T00:56:21.265528,41198,Japan,SUCCESS,server_41198.ovpn,
2026-09-23T00:56:21.612926,903348,South Korea,SUCCESS,server_903348.ovpn,
2026-09-23T00:56:21.810805,823430,Japan,SUCCESS,server_823430.ovpn,
2026-09-23T00:56:28.415686,2240657,South Korea,SUCCESS,server_2240657.ovpn,
2026-09-23T00:56:29.113879,41350,Japan,SUCCESS,server_41350.ovpn,
2026-09-23T00:56:29.181903,81285,South Korea,SUCCESS,server_81285.ovpn,
2026-09-23T00:56:29.801320,43536,Japan,SUCCESS,server_43536.ovpn,
2026-09-23T00:56:29.900734,879603,South Korea,SUCCESS,server_879603.ovpn,
2026-09-23T00:56:30.343468,81846,South Korea,SUCCESS,server_81846.ovpn,
2026-09-23T00:56:35.103899,718567,Japan,SUCCESS,server_718567.ovpn,
2026-09-23T00:56:35.681695,1997254,USA,SUCCESS,server_1997254.ovpn,
2026-09-23T00:56:36.819809,149354,Japan,SUCCESS,server_149354.ovpn,
2026-09-23T00:56:37.048625,1806523,Vietnam,SUCCESS,server_1806523.ovpn,
2026-09-23T00:56:37.591869,893986,South Korea,SUCCESS,server_893986.ovpn,
2026-09-23T00:56:38.746765,146272,Japan,SUCCESS,server_146272.ovpn,
2026-09-23T00:56:44.129982,3497612,Vietnam,SUCCESS,server_3497612.ovpn,
2026-09-23T00:56:44.662156,2192805,South Korea,SUCCESS,server_2192805.ovpn,
2026-09-23T00:56:44.991711,138440,South Korea,SUCCESS,server_138440.ovpn,
2026-09-23T00:56:47.068780,137867,South Korea,SUCCESS,server_137867.ovpn,
2026-09-23T00:56:47.169837,2479825,Croatia (Hrvatska),SUCCESS,server_2479825.ovpn,
2026-09-23T00:56:48.947854,56538,Japan,SUCCESS,server_56538.ovpn,
2026-09-23T00:56:52.460516,2534075,South Korea,SUCCESS,server_2534075.ovpn,
2026-09-23T00:56:53.156677,828292,Canada,SUCCESS,server_828292.ovpn,
2026-09-23T00:56:53.942709,71435,Japan,SUCCESS,server_71435.ovpn,
2026-09-23T00:56:53.961716,70855,Japan,SUCCESS,server_70855.ovpn,
2026-09-23T00:56:55.520998,480340,Japan,SUCCESS,server_480340.ovpn,
2026-09-23T00:56:55.718823,2550800,South Korea,SUCCESS,server_2550800.ovpn,
2026-09-23T00:57:00.368671,45899,Japan,SUCCESS,server_45899.ovpn,
2026-09-23T00:57:01.822538,78853,Japan,SUCCESS,server_78853.ovpn,
2026-09-23T00:57:02.017590,43693,Japan,SUCCESS,server_43693.ovpn,
2026-09-23T00:57:02.162390,47674,Japan,SUCCESS,server_47674.ovpn,
2026-09-23T00:57:04.248700,836015,South Korea,SUCCESS,server_836015.ovpn,
2026-09-23T00:57:04.349576,861199,Japan,SUCCESS,server_861199.ovpn,
2026-09-23T00:57:06.419153,138301,South Korea,SUCCESS,server_138301.ovpn,
2026-09-23T00:57:10.175149,42487,South Korea,SUCCESS,server_42487.ovpn,
2026-09-23T00:57:10.547343,1865421,South Korea,SUCCESS,server_1865421.ovpn,
2026-09-23T00:57:10.834340,129586,Brazil,SUCCESS,server_129586.ovpn,
2026-09-23T00:57:11.044304,878295,South Korea,SUCCESS,server_878295.ovpn,
2026-09-23T00:57:14.521504,918255,Japan,SUCCESS,server_918255.ovpn,
2026-09-23T00:57:15.949447,65532,South Korea,SUCCESS,server_65532.ovpn,
2026-09-23T00:57:20.000042,300733,Japan,SUCCESS,server_300733.ovpn,
2026-09-23T00:57:21.212343,3087799,USA,SUCCESS,server_3087799.ovpn,
2026-09-23T00:57:21.320614,2170232,Japan,SUCCESS,server_2170232.ovpn,
2026-09-23T00:57:21.810285,54220,Japan,SUCCESS,server_54220.ovpn,
2026-09-23T00:57:22.575322,1561259,Japan,SUCCESS,server_1561259.ovpn,
2026-09-23T00:57:24.850497,1592031,South Korea,SUCCESS,server_1592031.ovpn,
2026-09-23T00:57:28.767342,138403,Japan,SUCCESS,server_138403.ovpn,
2026-09-23T00:57:29.417124,132962,South Korea,SUCCESS,server_132962.ovpn,
2026-09-23T00:57:30.673146,120412,Japan,SUCCESS,server_120412.ovpn,
2026-09-23T00:57:30.998639,53483,Japan,SUCCESS,server_53483.ovpn,
2026-09-23T00:57:31.818776,121593,Japan,SUCCESS,server_121593.ovpn,
2026-09-23T00:57:32.797186,47305,Japan,SUCCESS,server_47305.ovpn,
2026-09-23T00:57:35.937152,160590,Finland,SUCCESS,server_160590.ovpn,
2026-09-23T00:57:37.497373,311038,Japan,SUCCESS,server_311038.ovpn,
2026-09-23T00:57:37.921882,712314,South Korea,SUCCESS,server_712314.ovpn,
2026-09-23T00:57:38.508225,1238238,Russia,SUCCESS,server_1238238.ovpn,
2026-09-23T00:57:39.795943,58900,Japan,SUCCESS,server_58900.ovpn,
2026-09-23T00:57:40.377152,336849,South Korea,SUCCESS,server_336849.ovpn,
2026-09-23T00:57:43.565274,43290,Japan,SUCCESS,server_43290.ovpn,
2026-09-23T00:57:45.509088,1546333,Japan,SUCCESS,server_1546333.ovpn,
2026-09-23T00:57:47.132689,303309,South Korea,SUCCESS,server_303309.ovpn,
2026-09-23T00:57:47.284923,752526,Japan,SUCCESS,server_752526.ovpn,
2026-09-23T00:57:47.307740,1721808,South Korea,SUCCESS,server_1721808.ovpn,
2026-09-23T00:57:49.373150,335961,Japan,SUCCESS,server_335961.ovpn,
2026-09-23T00:57:51.500180,44780,Japan,SUCCESS,server_44780.ovpn,
2026-09-23T00:57:54.958802,918335,Japan,SUCCESS,server_918335.ovpn,
2026-09-23T00:57:55.271039,847939,Japan,SUCCESS,server_847939.ovpn,
2026-09-23T00:57:55.317808,918235,USA,SUCCESS,server_918235.ovpn,
2026-09-23T00:57:56.770222,1557467,Japan,SUCCESS,server_1557467.ovpn,
2026-09-23T00:57:56.982193,66449,South Korea,SUCCESS,server_66449.ovpn,
2026-09-23T00:57:58.857892,1872765,South Korea,SUCCESS,server_1872765.ovpn,
2026-09-23T00:58:02.569364,71365,South Korea,SUCCESS,server_71365.ovpn,
2026-09-23T00:58:04.097379,53137,South Korea,SUCCESS,server_53137.ovpn,
2026-09-23T00:58:04.317282,1553788,South Korea,SUCCESS,server_1553788.ovpn,
2026-09-23T00:58:04.788335,378942,South Korea,SUCCESS,server_378942.ovpn,
2026-09-23T00:58:04.990496,1981389,Japan,SUCCESS,server_1981389.ovpn,
2026-09-23T00:58:06.191017,182434,Japan,SUCCESS,server_182434.ovpn,
2026-09-23T00:58:09.932002,148529,USA,SUCCESS,server_148529.ovpn,
2026-09-23T00:58:10.160026,2133137,Japan,SUCCESS,server_2133137.ovpn,
2026-09-23T00:58:10.936026,649973,Croatia (Hrvatska),SUCCESS,server_649973.ovpn,
2026-09-23T00:58:11.399921,100219,South Korea,SUCCESS,server_100219.ovpn,
2026-09-23T00:58:12.039238,140765,USA,SUCCESS,server_140765.ovpn,
2026-09-23T00:58:12.229991,1042546,Japan,SUCCESS,server_1042546.ovpn,
2026-09-23T00:58:15.030719,88057,Japan,SUCCESS,server_88057.ovpn,
2026-09-23T00:58:15.272172,54217,Japan,SUCCESS,server_54217.ovpn,
2026-09-23T00:58:16.523826,42003,Japan,SUCCESS,server_42003.ovpn,
2026-09-23T00:58:17.488685,920093,Bulgaria,SUCCESS,server_920093.ovpn,
2026-09-23T00:58:17.747974,261724,Japan,SUCCESS,server_261724.ovpn,
2026-09-23T00:58:18.672000,1064549,Japan,SUCCESS,server_1064549.ovpn,
2026-09-23T00:58:20.243013,123155,South Korea,SUCCESS,server_123155.ovpn,
2026-09-23T00:58:22.174876,1832998,South Korea,SUCCESS,server_1832998.ovpn,
2026-09-23T00:58:23.282867,1561374,South Korea,SUCCESS,server_1561374.ovpn,
2026-09-23T00:58:23.597427,1174979,South Korea,SUCCESS,server_1174979.ovpn,
2026-09-23T00:58:24.741651,57063,Japan,SUCCESS,server_57063.ovpn,
2026-09-23T00:58:24.781315,3681342,Japan,SUCCESS,server_3681342.ovpn,
2026-09-23T00:58:26.941801,1381662,South Korea,SUCCESS,server_1381662.ovpn,
2026-09-23T00:58:28.240772,978672,Japan,SUCCESS,server_978672.ovpn,
2026-09-23T00:58:29.009266,75023,USA,FAILED,,Failed to load download page (Status: No response)
2026-09-23T00:58:29.626657,43706,Japan,SUCCESS,server_43706.ovpn,
2026-09-23T00:58:31.277847,41435,Japan,SUCCESS,server_41435.ovpn,
2026-09-23T00:58:31.611994,2105928,USA,SUCCESS,server_2105928.ovpn,
2026-09-23T00:58:32.379897,842091,Japan,SUCCESS,server_842091.ovpn,
2026-09-23T00:58:34.012694,1480536,South Korea,SUCCESS,server_1480536.ovpn,
2026-09-23T00:58:34.588701,2517043,Japan,SUCCESS,server_2517043.ovpn,
2026-09-23T00:58:35.509924,879902,USA,SUCCESS,server_879902.ovpn,
2026-09-23T00:58:37.055739,282591,South Korea,SUCCESS,server_282591.ovpn,
2026-09-23T00:58:37.073433,56837,South Korea,SUCCESS,server_56837.ovpn,
2026-09-23T00:58:39.464748,1141640,Japan,SUCCESS,server_1141640.ovpn,
2026-09-23T00:58:39.718856,1610937,Japan,SUCCESS,server_1610937.ovpn,
2026-09-23T00:58:40.681333,1643607,South Korea,SUCCESS,server_1643607.ovpn,
2026-09-23T00:58:41.517544,3112909,Japan,SUCCESS,server_3112909.ovpn,
2026-09-23T00:58:43.009681,81859,Japan,SUCCESS,server_81859.ovpn,
2026-09-23T00:58:43.122485,910065,South Korea,SUCCESS,server_910065.ovpn,
2026-09-23T00:58:47.205483,480652,Japan,SUCCESS,server_480652.ovpn,
2026-09-23T00:58:48.085780,68916,Japan,SUCCESS,server_68916.ovpn,
2026-09-23T00:58:49.176682,849830,South Korea,SUCCESS,server_849830.ovpn,
2026-09-23T00:58:49.800807,1945310,Japan,SUCCESS,server_1945310.ovpn,
2026-09-23T00:58:49.894926,126070,Netherlands,SUCCESS,server_126070.ovpn,
2026-09-23T00:58:51.167429,133338,Japan,SUCCESS,server_133338.ovpn,
2026-09-23T00:58:52.746401,59080,Japan,SUCCESS,server_59080.ovpn,
2026-09-23T00:58:53.602901,1924534,Japan,SUCCESS,server_1924534.ovpn,
2026-09-23T00:58:54.314507,3400757,South Korea,SUCCESS,server_3400757.ovpn,
2026-09-23T00:58:54.886286,43856,South Korea,SUCCESS,server_43856.ovpn,
2026-09-23T00:58:55.204533,840683,Japan,SUCCESS,server_840683.ovpn,
2026-09-23T00:58:57.450388,147143,South Korea,SUCCESS,server_147143.ovpn,
2026-09-23T00:58:59.015617,1942502,Japan,SUCCESS,server_1942502.ovpn,
2026-09-23T00:58:59.442407,419930,Japan,SUCCESS,server_419930.ovpn,
2026-09-23T00:59:00.111748,85431,Japan,SUCCESS,server_85431.ovpn,
2026-09-23T00:59:00.654589,775564,South Korea,SUCCESS,server_775564.ovpn,
2026-09-23T00:59:01.064672,1861354,Japan,SUCCESS,server_1861354.ovpn,
2026-09-23T00:59:03.804984,2184632,South Korea,SUCCESS,server_2184632.ovpn,
2026-09-23T00:59:05.176849,3694654,Japan,SUCCESS,server_3694654.ovpn,
2026-09-23T00:59:06.702341,733982,South Korea,SUCCESS,server_733982.ovpn,
2026-09-23T00:59:07.152595,1367281,South Korea,SUCCESS,server_1367281.ovpn,
2026-09-23T00:59:07.310631,1355578,Japan,SUCCESS,server_1355578.ovpn,
2026-09-23T00:59:07.837488,1433024,Japan,SUCCESS,server_1433024.ovpn,
2026-09-23T00:59:09.786593,43305,Japan,SUCCESS,server_43305.ovpn,
2026-09-23T00:59:11.404498,71747,Japan,SUCCESS,server_71747.ovpn,
2026-09-23T00:59:13.411464,2216397,South Korea,SUCCESS,server_2216397.ovpn,
2026-09-23T00:59:14.034570,88696,Japan,SUCCESS,server_88696.ovpn,
2026-09-23T00:59:14.242611,752516,Japan,SUCCESS,server_752516.ovpn,
2026-09-23T00:59:14.273388,78774,Japan,SUCCESS,server_78774.ovpn,
2026-09-23T00:59:15.941440,944215,South Korea,SUCCESS,server_944215.ovpn,
2026-09-23T00:59:16.209462,917532,UK,SUCCESS,server_917532.ovpn,
2026-09-23T00:59:18.921338,962671,South Korea,SUCCESS,server_962671.ovpn,
2026-09-23T00:59:19.623131,51909,South Korea,SUCCESS,server_51909.ovpn,
2026-09-23T00:59:20.220294,747539,Japan,SUCCESS,server_747539.ovpn,
2026-09-23T00:59:20.263220,157471,South Korea,SUCCESS,server_157471.ovpn,
2026-09-23T00:59:20.941338,71443,Japan,SUCCESS,server_71443.ovpn,
2026-09-23T00:59:21.984097,1657425,South Korea,SUCCESS,server_1657425.ovpn,
2026-09-23T00:59:22.887611,2479862,Japan,SUCCESS,server_2479862.ovpn,
2026-09-23T00:59:25.179244,951853,Japan,SUCCESS,server_951853.ovpn,
2026-09-23T00:59:25.727958,752539,South Korea,SUCCESS,server_752539.ovpn,
2026-09-23T00:59:26.400984,319732,Japan,SUCCESS,server_319732.ovpn,
2026-09-23T00:59:27.045529,69228,South Korea,SUCCESS,server_69228.ovpn,
2026-09-23T00:59:27.180488,1493925,USA,SUCCESS,server_1493925.ovpn,
2026-09-23T00:59:27.566560,56911,South Korea,SUCCESS,server_56911.ovpn,
2026-09-23T00:59:30.155704,148527,France,SUCCESS,server_148527.ovpn,
2026-09-23T00:59:30.628534,955139,Japan,SUCCESS,server_955139.ovpn,
2026-09-23T00:59:33.039424,63820,Japan,SUCCESS,server_63820.ovpn,
2026-09-23T00:59:33.419252,834283,South Korea,SUCCESS,server_834283.ovpn,
2026-09-23T00:59:33.852365,845406,Japan,SUCCESS,server_845406.ovpn,
2026-09-23T00:59:34.452163,2638302,Japan,SUCCESS,server_2638302.ovpn,
2026-09-23T00:59:35.840558,866305,USA,SUCCESS,server_866305.ovpn,
2026-09-23T00:59:35.888375,3229974,South Korea,SUCCESS,server_3229974.ovpn,
2026-09-23T00:59:39.420415,100732,Japan,SUCCESS,server_100732.ovpn,
2026-09-23T00:59:39.805429,68478,Japan,SUCCESS,server_68478.ovpn,
2026-09-23T00:59:39.992320,137007,Japan,SUCCESS,server_137007.ovpn,
2026-09-23T00:59:40.724011,950271,Japan,SUCCESS,server_950271.ovpn,
2026-09-23T00:59:42.157373,59367,Japan,SUCCESS,server_59367.ovpn,
2026-09-23T00:59:42.604378,99716,South Korea,SUCCESS,server_99716.ovpn,
2026-09-23T00:59:47.618330,1754002,Japan,SUCCESS,server_1754002.ovpn,
2026-09-23T00:59:47.684283,1368736,Japan,SUCCESS,server_1368736.ovpn,
2026-09-23T00:59:48.641370,422676,Japan,FAILED,,Failed to load download page (Status: No response)
2026-09-23T00:59:49.225968,873446,South Korea,SUCCESS,server_873446.ovpn,
2026-09-23T00:59:49.600369,1662857,Japan,SUCCESS,server_1662857.ovpn,
2026-09-23T00:59:49.622908,1882656,Japan,SUCCESS,server_1882656.ovpn,
2026-09-23T00:59:52.703654,113703,Japan,SUCCESS,server_113703.ovpn,
2026-09-23T00:59:52.764252,799937,Japan,SUCCESS,server_799937.ovpn,
2026-09-23T00:59:54.865083,112087,South Korea,SUCCESS,server_112087.ovpn,
2026-09-23T00:59:55.205284,2120085,South Korea,SUCCESS,server_2120085.ovpn,
2026-09-23T00:59:55.559146,800844,South Korea,SUCCESS,server_800844.ovpn,
2026-09-23T00:59:55.610919,665091,South Korea,SUCCESS,server_665091.ovpn,
2026-09-23T00:59:57.139092,2868327,Japan,SUCCESS,server_2868327.ovpn,
2026-09-23T00:59:58.101273,83990,Japan,SUCCESS,server_83990.ovpn,
2026-09-23T00:59:59.921301,44117,Japan,SUCCESS,server_44117.ovpn,
2026-09-23T00:59:59.942074,1876013,USA,SUCCESS,server_1876013.ovpn,
2026-09-23T01:00:02.134442,1064526,Japan,SUCCESS,server_1064526.ovpn,
2026-09-23T01:00:02.166189,127198,Japan,SUCCESS,server_127198.ovpn,
2026-09-23T01:00:05.139218,3527968,South Korea,SUCCESS,server_3527968.ovpn,
2026-09-23T01:00:07.045542,78811,South Korea,SUCCESS,server_78811.ovpn,
2026-09-23T01:00:08.672153,1990215,Japan,SUCCESS,server_1990215.ovpn,
2026-09-23T01:00:08.701799,880490,USA,SUCCESS,server_880490.ovpn,
2026-09-23T01:00:09.247199,786201,South Korea,SUCCESS,server_786201.ovpn,
2026-09-23T01:00:09.436146,1420196,South Korea,SUCCESS,server_1420196.ovpn,
2026-09-23T01:00:11.557086,355458,UK,SUCCESS,server_355458.ovpn,
2026-09-23T01:00:13.134109,820579,Japan,SUCCESS,server_820579.ovpn,
2026-09-23T01:00:16.661086,864262,Japan,SUCCESS,server_864262.ovpn,
2026-09-23T01:00:16.792196,2017280,Japan,SUCCESS,server_2017280.ovpn,
2026-09-23T01:00:16.815099,425274,Japan,SUCCESS,server_425274.ovpn,
2026-09-23T01:00:16.989573,927266,South Korea,SUCCESS,server_927266.ovpn,
2026-09-23T01:00:19.053857,41917,Japan,SUCCESS,server_41917.ovpn,
2026-09-23T01:00:19.466162,54264,South Korea,SUCCESS,server_54264.ovpn,
2026-09-23T01:00:23.021177,55120,South Korea,SUCCESS,server_55120.ovpn,
2026-09-23T01:00:23.947104,61630,Japan,SUCCESS,server_61630.ovpn,
2026-09-23T01:00:23.973804,100192,Japan,SUCCESS,server_100192.ovpn,
2026-09-23T01:00:24.652018,1736247,Japan,SUCCESS,server_1736247.ovpn,
2026-09-23T01:00:24.706898,1943468,Croatia (Hrvatska),SUCCESS,server_1943468.ovpn,
2026-09-23T01:00:25.162607,3483554,Japan,SUCCESS,server_3483554.ovpn,
2026-09-23T01:00:30.566868,2835786,South Korea,SUCCESS,server_2835786.ovpn,
2026-09-23T01:00:31.721029,66472,Japan,SUCCESS,server_66472.ovpn,
2026-09-23T01:00:31.932981,92983,Japan,SUCCESS,server_92983.ovpn,
2026-09-23T01:00:32.519938,2685038,Japan,SUCCESS,server_2685038.ovpn,
2026-09-23T01:00:32.874138,879218,Japan,SUCCESS,server_879218.ovpn,
2026-09-23T01:00:32.934007,745423,South Korea,SUCCESS,server_745423.ovpn,
2026-09-23T01:00:34.748865,1170269,South Korea,SUCCESS,server_1170269.ovpn,
2026-09-23T01:00:39.029039,1590145,Japan,SUCCESS,server_1590145.ovpn,
2026-09-23T01:00:39.619062,843244,South Korea,SUCCESS,server_843244.ovpn,
2026-09-23T01:00:39.769704,101420,USA,SUCCESS,server_101420.ovpn,
2026-09-23T01:00:39.806971,911206,Japan,SUCCESS,server_911206.ovpn,
2026-09-23T01:00:41.271921,779050,Japan,SUCCESS,server_779050.ovpn,
2026-09-23T01:00:42.233849,51675,Japan,SUCCESS,server_51675.ovpn,
2026-09-23T01:00:44.842028,58388,Japan,SUCCESS,server_58388.ovpn,
2026-09-23T01:00:48.894949,918330,Japan,SUCCESS,server_918330.ovpn,
2026-09-23T01:00:48.919570,147309,South Korea,SUCCESS,server_147309.ovpn,
2026-09-23T01:00:49.757241,72668,Japan,SUCCESS,server_72668.ovpn,
2026-09-23T01:00:49.926178,73523,South Korea,SUCCESS,server_73523.ovpn,
2026-09-23T01:00:50.490990,1347322,Japan,SUCCESS,server_1347322.ovpn,
2026-09-23T01:00:53.060867,653359,Japan,SUCCESS,server_653359.ovpn,
2026-09-23T01:00:55.273190,1859308,Netherlands,SUCCESS,server_1859308.ovpn,
2026-09-23T01:00:56.477877,879376,Japan,SUCCESS,server_879376.ovpn,
2026-09-23T01:00:57.198949,752517,South Korea,SUCCESS,server_752517.ovpn,
2026-09-23T01:00:57.283890,1168451,Japan,SUCCESS,server_1168451.ovpn,
2026-09-23T01:00:58.005818,102577,South Korea,SUCCESS,server_102577.ovpn,
2026-09-23T01:00:59.271087,2000928,Japan,SUCCESS,server_2000928.ovpn,
2026-09-23T01:01:02.498940,51672,Japan,SUCCESS,server_51672.ovpn,
2026-09-23T01:01:03.519702,46728,Japan,SUCCESS,server_46728.ovpn,
2026-09-23T01:01:05.119500,67190,Japan,SUCCESS,server_67190.ovpn,
2026-09-23T01:01:06.743656,633710,Japan,SUCCESS,server_633710.ovpn,
2026-09-23T01:01:06.927131,2027824,South Korea,SUCCESS,server_2027824.ovpn,
2026-09-23T01:01:07.013769,57782,Japan,SUCCESS,server_57782.ovpn,
2026-09-23T01:01:08.961744,1968614,South Korea,SUCCESS,server_1968614.ovpn,
2026-09-23T01:01:09.084739,106921,Japan,SUCCESS,server_106921.ovpn,
2026-09-23T01:01:12.009028,1400015,South Korea,SUCCESS,server_1400015.ovpn,
2026-09-23T01:01:13.855589,881302,South Korea,SUCCESS,server_881302.ovpn,
2026-09-23T01:01:14.092736,859307,Japan,SUCCESS,server_859307.ovpn,
2026-09-23T01:01:14.103476,1752023,Russia,SUCCESS,server_1752023.ovpn,
2026-09-23T01:01:14.637595,3629145,Japan,SUCCESS,server_3629145.ovpn,
2026-09-23T01:01:16.392658,2412092,South Korea,SUCCESS,server_2412092.ovpn,
2026-09-23T01:01:16.956572,65238,Japan,SUCCESS,server_65238.ovpn,
2026-09-23T01:01:18.764692,59305,South Korea,FAILED,,Failed to load download page (Status: No response)
2026-09-23T01:01:20.276854,72963,Japan,SUCCESS,server_72963.ovpn,
2026-09-23T01:01:20.826559,2434128,South Korea,SUCCESS,server_2434128.ovpn,
2026-09-23T01:01:21.108495,2039234,Mexico,SUCCESS,server_2039234.ovpn,
2026-09-23T01:01:24.040483,1414284,South Korea,SUCCESS,server_1414284.ovpn,
2026-09-23T01:01:24.665623,1175074,South Korea,SUCCESS,server_1175074.ovpn,
2026-09-23T01:01:27.352577,739920,South Korea,SUCCESS,server_739920.ovpn,
2026-09-23T01:01:27.889498,1891056,Japan,SUCCESS,server_1891056.ovpn,
2026-09-23T01:01:28.230285,903168,Japan,SUCCESS,server_903168.ovpn,
2026-09-23T01:01:29.752608,79932,Japan,SUCCESS,server_79932.ovpn,
2026-09-23T01:01:31.984617,905647,South Korea,SUCCESS,server_905647.ovpn,
2026-09-23T01:01:32.542581,2120092,Japan,SUCCESS,server_2120092.ovpn,
2026-09-23T01:01:35.371335,1624192,South Korea,SUCCESS,server_1624192.ovpn,
2026-09-23T01:01:35.540584,3587487,South Korea,SUCCESS,server_3587487.ovpn,
2026-09-23T01:01:36.221568,100124,Japan,SUCCESS,server_100124.ovpn,
2026-09-23T01:01:37.929350,42255,Japan,SUCCESS,server_42255.ovpn,
2026-09-23T01:01:38.687719,918102,USA,SUCCESS,server_918102.ovpn,
2026-09-23T01:01:40.042600,2202445,Japan,SUCCESS,server_2202445.ovpn,
2026-09-23T01:01:43.011637,46414,South Korea,SUCCESS,server_46414.ovpn,
2026-09-23T01:01:43.230517,61657,Japan,SUCCESS,server_61657.ovpn,
2026-09-23T01:01:45.553606,1676720,Russia,SUCCESS,server_1676720.ovpn,
2026-09-23T01:01:48.471773,1257884,South Korea,SUCCESS,server_1257884.ovpn,
2026-09-23T01:01:50.971716,1797345,South Korea,SUCCESS,server_1797345.ovpn,
2026-09-23T01:01:51.600138,2402006,South Korea,SUCCESS,server_2402006.ovpn,
2026-09-23T01:01:52.973758,46367,Japan,SUCCESS,server_46367.ovpn,
2026-09-23T01:01:53.825511,74660,Japan,SUCCESS,server_74660.ovpn,
2026-09-23T01:01:54.415510,126322,Japan,SUCCESS,server_126322.ovpn,
2026-09-23T01:01:56.494707,69370,Japan,SUCCESS,server_69370.ovpn,
2026-09-23T01:01:59.254755,1090294,USA,SUCCESS,server_1090294.ovpn,
2026-09-23T01:02:00.094402,940917,Japan,SUCCESS,server_940917.ovpn,
2026-09-23T01:02:01.094216,42822,China,SUCCESS,server_42822.ovpn,
2026-09-23T01:02:01.324822,1499244,USA,SUCCESS,server_1499244.ovpn,
2026-09-23T01:02:03.692421,1654644,Japan,SUCCESS,server_1654644.ovpn,
2026-09-23T01:02:05.023350,1367261,Japan,SUCCESS,server_1367261.ovpn,
2026-09-23T01:02:05.574181,944057,Japan,SUCCESS,server_944057.ovpn,
2026-09-23T01:02:06.731630,1626075,Japan,SUCCESS,server_1626075.ovpn,
2026-09-23T01:02:08.137500,377140,Japan,SUCCESS,server_377140.ovpn,
2026-09-23T01:02:09.901362,1632394,South Korea,SUCCESS,server_1632394.ovpn,
2026-09-23T01:02:10.222334,133961,South Korea,SUCCESS,server_133961.ovpn,
2026-09-23T01:02:10.818509,480430,South Korea,SUCCESS,server_480430.ovpn,
2026-09-23T01:02:11.609252,1912789,Japan,SUCCESS,server_1912789.ovpn,
2026-09-23T01:02:12.958123,879214,Japan,SUCCESS,server_879214.ovpn,
2026-09-23T01:02:14.845596,132355,Japan,SUCCESS,server_132355.ovpn,
2026-09-23T01:02:18.704434,1515446,South Korea,SUCCESS,server_1515446.ovpn,
2026-09-23T01:02:19.648330,48061,South Korea,SUCCESS,server_48061.ovpn,
2026-09-23T01:02:19.966247,101341,South Korea,SUCCESS,server_101341.ovpn,
2026-09-23T01:02:20.108148,121229,Japan,SUCCESS,server_121229.ovpn,
2026-09-23T01:02:20.619356,224343,Japan,SUCCESS,server_224343.ovpn,
2026-09-23T01:02:21.416216,2280939,South Korea,SUCCESS,server_2280939.ovpn,
2026-09-23T01:02:26.129278,953139,South Korea,SUCCESS,server_953139.ovpn,
2026-09-23T01:02:26.446060,2028634,Croatia (Hrvatska),SUCCESS,server_2028634.ovpn,
2026-09-23T01:02:26.933151,2195372,Japan,SUCCESS,server_2195372.ovpn,
2026-09-23T01:02:27.572774,42026,South Korea,SUCCESS,server_42026.ovpn,
2026-09-23T01:02:27.766115,3259814,Japan,SUCCESS,server_3259814.ovpn,
2026-09-23T01:02:29.002180,1830939,Japan,SUCCESS,server_1830939.ovpn,
2026-09-23T01:02:34.049208,1954577,USA,SUCCESS,server_1954577.ovpn,
2026-09-23T01:02:34.132158,66331,Japan,SUCCESS,server_66331.ovpn,
2026-09-23T01:02:34.789836,110854,Japan,SUCCESS,server_110854.ovpn,
2026-09-23T01:02:34.903681,268788,Japan,SUCCESS,server_268788.ovpn,
2026-09-23T01:02:35.070616,1991483,South Korea,SUCCESS,server_1991483.ovpn,
2026-09-23T01:02:36.083248,61912,Japan,SUCCESS,server_61912.ovpn,
2026-09-23T01:02:39.732433,1127603,South Korea,SUCCESS,server_1127603.ovpn,
2026-09-23T01:02:41.646430,1121453,Japan,SUCCESS,server_1121453.ovpn,
2026-09-23T01:02:41.694942,143372,Japan,SUCCESS,server_143372.ovpn,
2026-09-23T01:02:41.780799,1081681,Japan,SUCCESS,server_1081681.ovpn,
2026-09-23T01:02:42.203228,48045,South Korea,SUCCESS,server_48045.ovpn,
2026-09-23T01:02:44.551099,1595778,Japan,SUCCESS,server_1595778.ovpn,
2026-09-23T01:02:46.791062,1928670,France,SUCCESS,server_1928670.ovpn,
2026-09-23T01:02:49.903024,918457,South Korea,SUCCESS,server_918457.ovpn,
2026-09-23T01:02:51.796196,41998,Japan,SUCCESS,server_41998.ovpn,
2026-09-23T01:02:52.045140,918116,Japan,SUCCESS,server_918116.ovpn,
2026-09-23T01:02:53.315757,2313391,Japan,SUCCESS,server_2313391.ovpn,
2026-09-23T01:02:53.933489,694911,Japan,SUCCESS,server_694911.ovpn,
2026-09-23T01:02:55.127978,148391,Japan,SUCCESS,server_148391.ovpn,
2026-09-23T01:02:57.487047,79929,Japan,SUCCESS,server_79929.ovpn,
2026-09-23T01:02:59.033084,1624352,South Korea,SUCCESS,server_1624352.ovpn,
2026-09-23T01:02:59.193309,987568,Japan,SUCCESS,server_987568.ovpn,
2026-09-23T01:03:00.644293,633685,Japan,FAILED,,Failed to load download page (Status: No response)
2026-09-23T01:03:03.139104,1965729,South Korea,SUCCESS,server_1965729.ovpn,
2026-09-23T01:03:03.652671,41480,Japan,SUCCESS,server_41480.ovpn,
2026-09-23T01:03:07.110172,2071390,Japan,SUCCESS,server_2071390.ovpn,
2026-09-23T01:03:10.227367,898428,South Korea,SUCCESS,server_898428.ovpn,
2026-09-23T01:03:10.393247,2121053,South Korea,SUCCESS,server_2121053.ovpn,
2026-09-23T01:03:10.442044,60222,South Korea,SUCCESS,server_60222.ovpn,
2026-09-23T01:03:11.732059,2251639,Japan,SUCCESS,server_2251639.ovpn,
2026-09-23T01:03:11.760842,2384428,South Korea,SUCCESS,server_2384428.ovpn,
2026-09-23T01:03:11.960104,1992666,Japan,SUCCESS,server_1992666.ovpn,
2026-09-23T01:03:15.625276,1511675,Japan,SUCCESS,server_1511675.ovpn,
2026-09-23T01:03:16.785101,202115,Canada,SUCCESS,server_202115.ovpn,
2026-09-23T01:03:16.814587,429650,South Korea,SUCCESS,server_429650.ovpn,
2026-09-23T01:03:17.832689,740582,South Korea,SUCCESS,server_740582.ovpn,
2026-09-23T01:03:17.894696,46378,South Korea,SUCCESS,server_46378.ovpn,
2026-09-23T01:03:18.032954,2259967,South Korea,SUCCESS,server_2259967.ovpn,
2026-09-23T01:03:21.268848,695083,Japan,SUCCESS,server_695083.ovpn,
2026-09-23T01:03:22.750103,104040,Japan,SUCCESS,server_104040.ovpn,
2026-09-23T01:03:23.120221,80937,Japan,SUCCESS,server_80937.ovpn,
2026-09-23T01:03:23.860972,126347,Japan,SUCCESS,server_126347.ovpn,
2026-09-23T01:03:24.202537,287176,Japan,SUCCESS,server_287176.ovpn,
2026-09-23T01:03:24.239719,719431,South Korea,SUCCESS,server_719431.ovpn,
2026-09-23T01:03:25.871184,913113,South Korea,SUCCESS,server_913113.ovpn,
2026-09-23T01:03:28.932875,1140755,South Korea,SUCCESS,server_1140755.ovpn,
2026-09-23T01:03:29.138313,157475,Thailand,SUCCESS,server_157475.ovpn,
2026-09-23T01:03:29.893903,1573147,South Korea,SUCCESS,server_1573147.ovpn,
2026-09-23T01:03:30.102873,100474,Japan,SUCCESS,server_100474.ovpn,
2026-09-23T01:03:31.363545,2271700,Japan,SUCCESS,server_2271700.ovpn,
2026-09-23T01:03:31.684751,918774,Japan,SUCCESS,server_918774.ovpn,
2026-09-23T01:03:34.818707,773678,South Korea,SUCCESS,server_773678.ovpn,
2026-09-23T01:03:35.158680,957106,Japan,SUCCESS,server_957106.ovpn,
2026-09-23T01:03:35.238365,142445,Japan,FAILED,,Failed to load download page (Status: No response)
2026-09-23T01:03:35.389877,41207,South Korea,SUCCESS,server_41207.ovpn,
2026-09-23T01:03:36.024741,1598751,Japan,SUCCESS,server_1598751.ovpn,
2026-09-23T01:03:36.995482,2287446,South Korea,SUCCESS,server_2287446.ovpn,
2026-09-23T01:03:40.000800,68730,Japan,SUCCESS,server_68730.ovpn,
2026-09-23T01:03:40.119699,1610048,Japan,SUCCESS,server_1610048.ovpn,
2026-09-23T01:03:40.453499,358159,Japan,SUCCESS,server_358159.ovpn,
2026-09-23T01:03:41.298631,1912757,Japan,SUCCESS,server_1912757.ovpn,
2026-09-23T01:03:42.715814,981801,Japan,SUCCESS,server_981801.ovpn,
2026-09-23T01:03:43.199267,58912,South Korea,SUCCESS,server_58912.ovpn,
2026-09-23T01:03:44.748318,1129819,USA,SUCCESS,server_1129819.ovpn,
2026-09-23T01:03:45.257399,42649,Japan,SUCCESS,server_42649.ovpn,
2026-09-23T01:03:46.083548,1643579,Japan,SUCCESS,server_1643579.ovpn,
2026-09-23T01:03:47.043499,712278,Japan,SUCCESS,server_712278.ovpn,
2026-09-23T01:03:48.724630,2960975,South Korea,SUCCESS,server_2960975.ovpn,
2026-09-23T01:03:49.303664,917162,Japan,SUCCESS,server_917162.ovpn,
2026-09-23T01:03:49.836468,111857,Japan,SUCCESS,server_111857.ovpn,
2026-09-23T01:03:50.500261,48343,Japan,SUCCESS,server_48343.ovpn,
2026-09-23T01:03:51.713450,1416034,South Korea,SUCCESS,server_1416034.ovpn,
2026-09-23T01:03:52.086742,2668173,Japan,SUCCESS,server_2668173.ovpn,
2026-09-23T01:03:53.221090,759240,Japan,SUCCESS,server_759240.ovpn,
2026-09-23T01:03:54.392478,2038351,Japan,SUCCESS,server_2038351.ovpn,
2026-09-23T01:03:55.104614,1204781,South Korea,SUCCESS,server_1204781.ovpn,
2026-09-23T01:03:56.956295,66388,Japan,SUCCESS,server_66388.ovpn,
2026-09-23T01:03:57.274220,3112908,Japan,SUCCESS,server_3112908.ovpn,
2026-09-23T01:03:57.312563,2571943,South Korea,SUCCESS,server_2571943.ovpn,
2026-09-23T01:03:59.182590,42654,Japan,SUCCESS,server_42654.ovpn,
2026-09-23T01:03:59.463539,1924523,Japan,SUCCESS,server_1924523.ovpn,
2026-09-23T01:04:00.365587,763288,Japan,SUCCESS,server_763288.ovpn,
2026-09-23T01:04:02.366558,740609,Japan,SUCCESS,server_740609.ovpn,
2026-09-23T01:04:03.575524,48510,Japan,SUCCESS,server_48510.ovpn,
2026-09-23T01:04:03.746570,43725,Japan,SUCCESS,server_43725.ovpn,
2026-09-23T01:04:06.047986,149176,South Korea,SUCCESS,server_149176.ovpn,
2026-09-23T01:04:07.240507,1621672,Japan,SUCCESS,server_1621672.ovpn,
2026-09-23T01:04:07.643489,2815373,Japan,SUCCESS,server_2815373.ovpn,
2026-09-23T01:04:09.775289,1985472,Japan,SUCCESS,server_1985472.ovpn,
2026-09-23T01:04:10.017466,800869,Japan,SUCCESS,server_800869.ovpn,
2026-09-23T01:04:11.357317,151508,South Korea,SUCCESS,server_151508.ovpn,
2026-09-23T01:04:13.633528,1069017,Japan,SUCCESS,server_1069017.ovpn,
2026-09-23T01:04:13.667355,1094319,USA,SUCCESS,server_1094319.ovpn,
2026-09-23T01:04:14.436518,877886,South Korea,SUCCESS,server_877886.ovpn,
2026-09-23T01:04:16.210087,1640579,Japan,SUCCESS,server_1640579.ovpn,
2026-09-23T01:04:16.774414,3524901,Japan,SUCCESS,server_3524901.ovpn,
2026-09-23T01:04:16.976979,857337,South Korea,SUCCESS,server_857337.ovpn,
2026-09-23T01:04:20.284171,1864371,Japan,SUCCESS,server_1864371.ovpn,
2026-09-23T01:04:20.358658,1799249,UK,SUCCESS,server_1799249.ovpn,
2026-09-23T01:04:21.343533,57068,Japan,SUCCESS,server_57068.ovpn,
2026-09-23T01:04:23.966407,97939,Japan,SUCCESS,server_97939.ovpn,
2026-09-23T01:04:23.983995,108528,South Korea,SUCCESS,server_108528.ovpn,
2026-09-23T01:04:26.044392,1331261,Japan,SUCCESS,server_1331261.ovpn,
2026-09-23T01:04:26.790290,1372679,South Korea,SUCCESS,server_1372679.ovpn,
2026-09-23T01:04:27.377305,2944174,Japan,SUCCESS,server_2944174.ovpn,
2026-09-23T01:04:27.394888,471074,South Korea,SUCCESS,server_471074.ovpn,
2026-09-23T01:04:31.960242,2244203,Japan,SUCCESS,server_2244203.ovpn,
2026-09-23T01:04:32.100576,90806,Japan,SUCCESS,server_90806.ovpn,
2026-09-23T01:04:32.237330,41987,Japan,SUCCESS,server_41987.ovpn,
2026-09-23T01:04:32.283856,2402010,South Korea,SUCCESS,server_2402010.ovpn,
2026-09-23T01:04:32.487868,2037537,Japan,SUCCESS,server_2037537.ovpn,
2026-09-23T01:04:33.952364,100756,South Korea,SUCCESS,server_100756.ovpn,
2026-09-23T01:04:38.034451,147053,South Korea,SUCCESS,server_147053.ovpn,
2026-09-23T01:04:39.551312,48039,Japan,FAILED,,Failed to load download page (Status: No response)
2026-09-23T01:04:39.674307,59040,Philippines,SUCCESS,server_59040.ovpn,
2026-09-23T01:04:41.468171,956337,Japan,SUCCESS,server_956337.ovpn,
2026-09-23T01:04:42.205406,791930,Japan,SUCCESS,server_791930.ovpn,
2026-09-23T01:04:42.280170,1619899,Japan,SUCCESS,server_1619899.ovpn,
2026-09-23T01:04:46.998240,877894,South Korea,SUCCESS,server_877894.ovpn,
2026-09-23T01:04:48.785484,478060,Japan,SUCCESS,server_478060.ovpn,
2026-09-23T01:04:49.023296,861650,South Korea,SUCCESS,server_861650.ovpn,
2026-09-23T01:04:49.050261,3074413,Japan,SUCCESS,server_3074413.ovpn,
2026-09-23T01:04:51.192228,53560,Japan,SUCCESS,server_53560.ovpn,
2026-09-23T01:04:52.978088,840377,South Korea,SUCCESS,server_840377.ovpn,
2026-09-23T01:04:54.511254,43694,Japan,SUCCESS,server_43694.ovpn,
2026-09-23T01:04:55.402042,880458,Japan,SUCCESS,server_880458.ovpn,
2026-09-23T01:04:56.058121,314585,Japan,SUCCESS,server_314585.ovpn,
2026-09-23T01:04:57.107377,956874,Japan,SUCCESS,server_956874.ovpn,
2026-09-23T01:04:57.737600,358163,South Korea,SUCCESS,server_358163.ovpn,
2026-09-23T01:04:59.753291,3681353,South Korea,SUCCESS,server_3681353.ovpn,
2026-09-23T01:05:00.702129,1853123,Japan,SUCCESS,server_1853123.ovpn,
2026-09-23T01:05:01.742170,860695,Japan,SUCCESS,server_860695.ovpn,
2026-09-23T01:05:04.797106,862845,South Korea,SUCCESS,server_862845.ovpn,
2026-09-23T01:05:04.907156,2931004,South Korea,SUCCESS,server_2931004.ovpn,
2026-09-23T01:05:05.648262,100146,Japan,SUCCESS,server_100146.ovpn,
2026-09-23T01:05:05.777415,41986,Japan,SUCCESS,server_41986.ovpn,
2026-09-23T01:05:07.042274,439165,South Korea,SUCCESS,server_439165.ovpn,
2026-09-23T01:05:07.904455,962675,South Korea,SUCCESS,server_962675.ovpn,
2026-09-23T01:05:11.272651,1662845,Ireland,SUCCESS,server_1662845.ovpn,
2026-09-23T01:05:11.872584,72857,South Korea,FAILED,,Failed to load download page (Status: No response)
2026-09-23T01:05:12.160305,2027883,Japan,SUCCESS,server_2027883.ovpn,
2026-09-23T01:05:12.334150,1892559,Russia,SUCCESS,server_1892559.ovpn,
2026-09-23T01:05:13.051813,1067957,South Korea,SUCCESS,server_1067957.ovpn,
2026-09-23T01:05:14.172671,74840,Japan,SUCCESS,server_74840.ovpn,
2026-09-23T01:05:18.114030,875119,Japan,SUCCESS,server_875119.ovpn,
2026-09-23T01:05:18.822947,82598,Japan,SUCCESS,server_82598.ovpn,
2026-09-23T01:05:19.266959,88464,Japan,SUCCESS,server_88464.ovpn,
2026-09-23T01:05:19.997462,148170,USA,SUCCESS,server_148170.ovpn,
2026-09-23T01:05:20.954987,119983,South Korea,SUCCESS,server_119983.ovpn,
2026-09-23T01:05:22.747124,1924549,South Korea,SUCCESS,server_1924549.ovpn,
2026-09-23T01:05:23.092076,128250,Lithuania,SUCCESS,server_128250.ovpn,
2026-09-23T01:05:25.247047,879973,Japan,SUCCESS,server_879973.ovpn,
2026-09-23T01:05:25.684706,707903,Japan,SUCCESS,server_707903.ovpn,
2026-09-23T01:05:25.799200,840707,South Korea,SUCCESS,server_840707.ovpn,
2026-09-23T01:05:27.361614,103716,South Korea,SUCCESS,server_103716.ovpn,
2026-09-23T01:05:29.762640,2162043,Russia,SUCCESS,server_2162043.ovpn,
2026-09-23T01:05:30.262067,909395,South Korea,SUCCESS,server_909395.ovpn,
2026-09-23T01:05:32.287846,841925,South Korea,SUCCESS,server_841925.ovpn,
2026-09-23T01:05:32.385580,862811,France,SUCCESS,server_862811.ovpn,
2026-09-23T01:05:32.823812,147545,USA,SUCCESS,server_147545.ovpn,
2026-09-23T01:05:35.465817,479716,Japan,SUCCESS,server_479716.ovpn,
2026-09-23T01:05:37.094908,3521638,Japan,SUCCESS,server_3521638.ovpn,
2026-09-23T01:05:37.572015,47590,Japan,SUCCESS,server_47590.ovpn,
2026-09-23T01:05:37.719603,979312,Japan,SUCCESS,server_979312.ovpn,
2026-09-23T01:05:38.517994,2165971,Japan,SUCCESS,server_2165971.ovpn,
2026-09-23T01:05:40.207645,944944,Japan,SUCCESS,server_944944.ovpn,
2026-09-23T01:05:43.081880,884406,Japan,SUCCESS,server_884406.ovpn,
2026-09-23T01:05:43.775530,47330,Japan,SUCCESS,server_47330.ovpn,
2026-09-23T01:05:44.058912,2228839,South Korea,SUCCESS,server_2228839.ovpn,
2026-09-23T01:05:45.105024,736889,Japan,SUCCESS,server_736889.ovpn,
2026-09-23T01:05:46.532644,3483572,South Korea,SUCCESS,server_3483572.ovpn,
2026-09-23T01:05:47.600277,138347,Japan,SUCCESS,server_138347.ovpn,
2026-09-23T01:05:49.439472,3663714,Japan,SUCCESS,server_3663714.ovpn,
2026-09-23T01:05:50.959543,2027860,South Korea,SUCCESS,server_2027860.ovpn,
2026-09-23T01:05:52.791928,1565001,Japan,SUCCESS,server_1565001.ovpn,
2026-09-23T01:05:52.881988,92956,Japan,SUCCESS,server_92956.ovpn,
2026-09-23T01:05:53.772241,1835008,Japan,FAILED,,Failed to load download page (Status: No response)
2026-09-23T01:05:54.016713,53561,Japan,SUCCESS,server_53561.ovpn,
2026-09-23T01:05:56.038764,121627,Japan,SUCCESS,server_121627.ovpn,
2026-09-23T01:05:57.479728,850279,Japan,SUCCESS,server_850279.ovpn,
2026-09-23T01:06:00.279583,57785,Japan,SUCCESS,server_57785.ovpn,
2026-09-23T01:06:00.519828,857348,Japan,SUCCESS,server_857348.ovpn,
2026-09-23T01:06:01.316497,945360,South Korea,SUCCESS,server_945360.ovpn,
2026-09-23T01:06:01.854687,117172,Japan,SUCCESS,server_117172.ovpn,
2026-09-23T01:06:01.898590,91817,South Korea,SUCCESS,server_91817.ovpn,
2026-09-23T01:06:03.033613,97958,Japan,SUCCESS,server_97958.ovpn,
2026-09-23T01:06:05.772715,480872,South Korea,SUCCESS,server_480872.ovpn,
2026-09-23T01:06:05.910320,1310071,Australia,SUCCESS,server_1310071.ovpn,
2026-09-23T01:06:07.799365,928200,Japan,FAILED,,Failed to load download page (Status: No response)
2026-09-23T01:06:08.110461,129737,Japan,SUCCESS,server_129737.ovpn,
2026-09-23T01:06:08.490648,1550942,Japan,SUCCESS,server_1550942.ovpn,
2026-09-23T01:06:10.048584,48664,Japan,SUCCESS,server_48664.ovpn,
2026-09-23T01:06:10.892865,1903561,Japan,FAILED,,Failed to load download page (Status: No response)
2026-09-23T01:06:11.845596,44323,Japan,SUCCESS,server_44323.ovpn,
2026-09-23T01:06:13.911961,107664,USA,SUCCESS,server_107664.ovpn,
2026-09-23T01:06:15.696284,73745,Japan,SUCCESS,server_73745.ovpn,
2026-09-23T01:06:15.889776,53762,Japan,SUCCESS,server_53762.ovpn,
2026-09-23T01:06:17.229343,1292692,Japan,SUCCESS,server_1292692.ovpn,
2026-09-23T01:06:17.261318,71361,South Korea,SUCCESS,server_71361.ovpn,
2026-09-23T01:06:17.593413,2245025,USA,SUCCESS,server_2245025.ovpn,
2026-09-23T01:06:19.951618,42653,Japan,SUCCESS,server_42653.ovpn,
2026-09-23T01:06:21.790484,48844,South Korea,SUCCESS,server_48844.ovpn,
2026-09-23T01:06:22.315012,72981,Japan,SUCCESS,server_72981.ovpn,
2026-09-23T01:06:22.722441,2219709,South Korea,SUCCESS,server_2219709.ovpn,
2026-09-23T01:06:23.757473,3024801,South Korea,SUCCESS,server_3024801.ovpn,
2026-09-23T01:06:23.997680,143388,South Korea,SUCCESS,server_143388.ovpn,
2026-09-23T01:06:26.724649,2192816,Japan,SUCCESS,server_2192816.ovpn,
2026-09-23T01:06:33.171421,1305692,South Korea,SUCCESS,server_1305692.ovpn,
2026-09-23T01:06:33.184026,987466,Japan,SUCCESS,server_987466.ovpn,
2026-09-23T01:06:33.989536,125426,Japan,SUCCESS,server_125426.ovpn,
2026-09-23T01:06:34.921527,42648,Japan,SUCCESS,server_42648.ovpn,
2026-09-23T01:06:35.135540,2231367,South Korea,SUCCESS,server_2231367.ovpn,
2026-09-23T01:06:37.082735,977772,South Korea,SUCCESS,server_977772.ovpn,
2026-09-23T01:06:45.321370,83977,South Korea,SUCCESS,server_83977.ovpn,
2026-09-23T01:06:46.047395,1600673,South Korea,SUCCESS,server_1600673.ovpn,
2026-09-23T01:06:47.066448,153521,Japan,SUCCESS,server_153521.ovpn,
2026-09-23T01:06:50.442912,104698,South Korea,SUCCESS,server_104698.ovpn,
2026-09-23T01:06:50.524037,1042511,Japan,SUCCESS,server_1042511.ovpn,
2026-09-23T01:06:50.924377,875491,South Korea,SUCCESS,server_875491.ovpn,
2026-09-23T01:06:54.710210,100588,South Korea,SUCCESS,server_100588.ovpn,
2026-09-23T01:06:55.844488,306011,Japan,SUCCESS,server_306011.ovpn,
2026-09-23T01:06:56.958671,845429,Japan,SUCCESS,server_845429.ovpn,
2026-09-23T01:07:00.910721,946543,Japan,SUCCESS,server_946543.ovpn,
2026-09-23T01:07:03.234233,50576,South Korea,SUCCESS,server_50576.ovpn,
2026-09-23T01:07:05.237100,53129,South Korea,SUCCESS,server_53129.ovpn,
2026-09-23T01:07:06.807334,58378,Japan,SUCCESS,server_58378.ovpn,
2026-09-23T01:07:06.997334,917177,Japan,SUCCESS,server_917177.ovpn,
2026-09-23T01:07:09.749310,2043345,South Korea,SUCCESS,server_2043345.ovpn,
2026-09-23T01:07:11.616451,1287565,South Korea,SUCCESS,server_1287565.ovpn,
2026-09-23T01:07:11.831311,908020,South Korea,SUCCESS,server_908020.ovpn,
2026-09-23T01:07:12.187690,1522438,South Korea,SUCCESS,server_1522438.ovpn,
2026-09-23T01:07:16.507155,1321733,South Korea,SUCCESS,server_1321733.ovpn,
2026-09-23T01:07:18.016539,42705,Japan,SUCCESS,server_42705.ovpn,
2026-09-23T01:07:20.295009,116293,South Korea,SUCCESS,server_116293.ovpn,
2026-09-23T01:07:22.932463,2027786,Japan,SUCCESS,server_2027786.ovpn,
2026-09-23T01:07:23.121118,2209513,Japan,SUCCESS,server_2209513.ovpn,
2026-09-23T01:07:23.922981,138479,Japan,SUCCESS,server_138479.ovpn,
2026-09-23T01:07:28.586196,129817,South Korea,SUCCESS,server_129817.ovpn,
2026-09-23T01:07:31.386186,53051,Japan,SUCCESS,server_53051.ovpn,
2026-09-23T01:07:32.463136,822524,Japan,SUCCESS,server_822524.ovpn,
2026-09-23T01:07:34.209306,138318,South Korea,SUCCESS,server_138318.ovpn,
2026-09-23T01:07:34.363636,1999912,Ecuador,SUCCESS,server_1999912.ovpn,
2026-09-23T01:07:35.619918,75801,Japan,SUCCESS,server_75801.ovpn,
2026-09-23T01:07:36.292379,48341,Japan,SUCCESS,server_48341.ovpn,
2026-09-23T01:07:43.914390,85335,Japan,SUCCESS,server_85335.ovpn,
2026-09-23T01:07:44.793497,1699722,South Korea,SUCCESS,server_1699722.ovpn,
2026-09-23T01:07:46.520102,149906,Canada,SUCCESS,server_149906.ovpn,
2026-09-23T01:07:48.111375,44395,Japan,SUCCESS,server_44395.ovpn,
2026-09-23T01:07:48.303364,74371,Japan,SUCCESS,server_74371.ovpn,
2026-09-23T01:07:52.018030,1500464,Japan,SUCCESS,server_1500464.ovpn,
2026-09-23T01:07:54.860187,46366,Japan,SUCCESS,server_46366.ovpn,
2026-09-23T01:07:57.174161,1551013,Japan,SUCCESS,server_1551013.ovpn,
2026-09-23T01:07:57.705949,100048,Japan,SUCCESS,server_100048.ovpn,
2026-09-23T01:08:00.165193,106950,Japan,SUCCESS,server_106950.ovpn,
2026-09-23T01:08:02.211134,838211,South Korea,SUCCESS,server_838211.ovpn,
2026-09-23T01:08:04.653368,97465,South Korea,SUCCESS,server_97465.ovpn,
2026-09-23T01:08:06.419026,51034,Japan,SUCCESS,server_51034.ovpn,
2026-09-23T01:08:10.161087,51086,South Korea,SUCCESS,server_51086.ovpn,
2026-09-23T01:08:11.377855,910737,Japan,SUCCESS,server_910737.ovpn,
2026-09-23T01:08:12.682124,2342990,Japan,SUCCESS,server_2342990.ovpn,
2026-09-23T01:08:13.483014,1801258,Japan,SUCCESS,server_1801258.ovpn,
2026-09-23T01:08:16.054142,132356,South Korea,SUCCESS,server_132356.ovpn,
2026-09-23T01:08:17.390840,3466068,South Korea,SUCCESS,server_3466068.ovpn,
2026-09-23T01:08:17.876992,108679,Japan,SUCCESS,server_108679.ovpn,
2026-09-23T01:08:20.433539,2255646,Japan,SUCCESS,server_2255646.ovpn,
2026-09-23T01:08:21.928029,915232,Mexico,SUCCESS,server_915232.ovpn,
2026-09-23T01:08:22.094235,978677,Japan,SUCCESS,server_978677.ovpn,
2026-09-23T01:08:25.934044,123886,South Korea,SUCCESS,server_123886.ovpn,
2026-09-23T01:08:26.063248,909409,South Korea,SUCCESS,server_909409.ovpn,
2026-09-23T01:08:29.690362,2322173,South Korea,SUCCESS,server_2322173.ovpn,
2026-09-23T01:08:29.934120,137349,Japan,SUCCESS,server_137349.ovpn,
2026-09-23T01:08:30.435731,651078,Japan,SUCCESS,server_651078.ovpn,
2026-09-23T01:08:31.037730,1027312,USA,SUCCESS,server_1027312.ovpn,
2026-09-23T01:08:34.101956,47704,South Korea,SUCCESS,server_47704.ovpn,
2026-09-23T01:08:36.807876,2219705,South Korea,SUCCESS,server_2219705.ovpn,
2026-09-23T01:08:36.877373,79441,South Korea,SUCCESS,server_79441.ovpn,
2026-09-23T01:08:37.276795,133442,South Korea,SUCCESS,server_133442.ovpn,
2026-09-23T01:08:44.858538,872570,USA,SUCCESS,server_872570.ovpn,
2026-09-23T01:08:45.678847,41423,Japan,SUCCESS,server_41423.ovpn,
2026-09-23T01:08:47.088629,910462,South Korea,SUCCESS,server_910462.ovpn,
2026-09-23T01:08:47.521718,3698055,Mexico,SUCCESS,server_3698055.ovpn,
2026-09-23T01:08:51.066395,45215,Japan,SUCCESS,server_45215.ovpn,
2026-09-23T01:08:53.470421,2384430,Japan,SUCCESS,server_2384430.ovpn,
2026-09-23T01:08:53.682195,1231292,South Korea,SUCCESS,server_1231292.ovpn,
2026-09-23T01:08:54.087537,68931,South Korea,SUCCESS,server_68931.ovpn,
2026-09-23T01:08:54.807452,51250,South Korea,SUCCESS,server_51250.ovpn,
2026-09-23T01:08:55.301445,1662853,Japan,SUCCESS,server_1662853.ovpn,
2026-09-23T01:08:56.854513,127784,Japan,SUCCESS,server_127784.ovpn,
2026-09-23T01:08:59.100568,148512,France,SUCCESS,server_148512.ovpn,
2026-09-23T01:08:59.364393,76218,South Korea,SUCCESS,server_76218.ovpn,
2026-09-23T01:08:59.735299,877890,Vietnam,SUCCESS,server_877890.ovpn,
2026-09-23T01:09:00.285415,840678,South Korea,SUCCESS,server_840678.ovpn,
2026-09-23T01:09:01.853581,1722915,Japan,SUCCESS,server_1722915.ovpn,
2026-09-23T01:09:04.041766,61606,South Korea,SUCCESS,server_61606.ovpn,
2026-09-23T01:09:06.623347,69081,South Korea,SUCCESS,server_69081.ovpn,
2026-09-23T01:09:07.772432,101790,Netherlands,SUCCESS,server_101790.ovpn,
2026-09-23T01:09:08.148175,911193,Japan,SUCCESS,server_911193.ovpn,
2026-09-23T01:09:08.432487,53603,South Korea,SUCCESS,server_53603.ovpn,
2026-09-23T01:09:08.577400,2443544,South Korea,SUCCESS,server_2443544.ovpn,
2026-09-23T01:09:11.015432,96576,South Korea,SUCCESS,server_96576.ovpn,
2026-09-23T01:09:13.479007,2255656,Japan,SUCCESS,server_2255656.ovpn,
2026-09-23T01:09:14.368067,101818,Japan,SUCCESS,server_101818.ovpn,
2026-09-23T01:09:16.101304,58908,South Korea,SUCCESS,server_58908.ovpn,
2026-09-23T01:09:16.320151,58970,South Korea,SUCCESS,server_58970.ovpn,
2026-09-23T01:09:17.185349,3280174,South Korea,SUCCESS,server_3280174.ovpn,
2026-09-23T01:09:21.664417,656712,Croatia (Hrvatska),SUCCESS,server_656712.ovpn,
2026-09-23T01:09:25.646141,329678,Japan,SUCCESS,server_329678.ovpn,
2026-09-23T01:09:26.620244,740607,Japan,SUCCESS,server_740607.ovpn,
2026-09-23T01:09:28.004170,3175541,South Korea,SUCCESS,server_3175541.ovpn,
2026-09-23T01:09:28.366956,44962,Japan,SUCCESS,server_44962.ovpn,
2026-09-23T01:09:29.468924,133343,South Korea,SUCCESS,server_133343.ovpn,
2026-09-23T01:09:32.428377,43696,Japan,SUCCESS,server_43696.ovpn,
